date,open,max,min,close,adj,volume
1/2/2018,1172,1190,1170.51001,1189.01001,1189.01001,2694500
1/3/2018,1188.300049,1205.48999,1188.300049,1204.199951,1204.199951,3108800
1/4/2018,1205,1215.869995,1204.660034,1209.589966,1209.589966,3022100
1/5/2018,1217.51001,1229.140015,1210,1229.140015,1229.140015,3544700
1/8/2018,1236,1253.079956,1232.030029,1246.869995,1246.869995,4279500
1/9/2018,1256.900024,1259.329956,1241.76001,1252.699951,1252.699951,3661300
1/10/2018,1245.150024,1254.329956,1237.22998,1254.329956,1254.329956,2686000
1/11/2018,1259.73999,1276.77002,1256.459961,1276.680054,1276.680054,3125000
1/12/2018,1273.390015,1305.76001,1273.390015,1305.199951,1305.199951,5443700
1/16/2018,1323,1339.939941,1292.300049,1304.859985,1304.859985,7220700
1/17/2018,1312.23999,1314,1280.880005,1295,1295,5253800
1/18/2018,1293.949951,1304.599976,1284.02002,1293.319946,1293.319946,4026900
1/19/2018,1312,1313,1292.98999,1294.579956,1294.579956,4578500
1/22/2018,1297.170044,1327.449951,1296.660034,1327.310059,1327.310059,4140100
1/23/2018,1338.089966,1364.900024,1337.339966,1362.540039,1362.540039,5169300
1/24/2018,1374.819946,1388.160034,1338,1357.51001,1357.51001,6807500
1/25/2018,1368,1378.339966,1357.619995,1377.949951,1377.949951,4753000
1/26/2018,1392.01001,1402.530029,1380.910034,1402.050049,1402.050049,4857300
1/29/2018,1409.180054,1431.390015,1400.439941,1417.680054,1417.680054,5701900
1/30/2018,1403.170044,1439.25,1392,1437.819946,1437.819946,5871900
1/31/2018,1451.300049,1472.579956,1450.040039,1450.890015,1450.890015,6424700
2/1/2018,1445,1459.880005,1385.140015,1390,1390,9113800
2/2/2018,1477.390015,1498,1414,1429.949951,1429.949951,11125700
2/5/2018,1402.619995,1458.97998,1320.719971,1390,1390,11495000
2/6/2018,1361.459961,1443.98999,1351.790039,1442.839966,1442.839966,11066800
2/7/2018,1449,1460.98999,1415.150024,1416.780029,1416.780029,7162700
2/8/2018,1429.680054,1433.75,1349.939941,1350.5,1350.5,8578600
2/9/2018,1373.48999,1383.5,1265.930054,1339.599976,1339.599976,14141500
2/12/2018,1364.670044,1393.810059,1344.01001,1386.22998,1386.22998,6738900
2/13/2018,1385.930054,1419.719971,1383.530029,1414.51001,1414.51001,5917900
2/14/2018,1406.25,1452.060059,1403.359985,1451.050049,1451.050049,5959200
2/15/2018,1466.890015,1468.939941,1436.839966,1461.76001,1461.76001,5652700
2/16/2018,1457.369995,1465.800049,1446.560059,1448.689941,1448.689941,4472600
2/20/2018,1446.48999,1488.77002,1446.48999,1468.349976,1468.349976,6499200
2/21/2018,1485,1503.48999,1478.920044,1482.920044,1482.920044,6304400
2/22/2018,1495.359985,1502.540039,1475.76001,1485.339966,1485.339966,4858100
2/23/2018,1495.339966,1500,1486.5,1500,1500,4418100
2/26/2018,1509.199951,1522.839966,1507,1521.949951,1521.949951,4955000
2/27/2018,1524.5,1526.780029,1507.209961,1511.97998,1511.97998,4808800
2/28/2018,1519.51001,1528.699951,1512,1512.449951,1512.449951,4515000
3/1/2018,1513.599976,1518.48999,1465,1493.449951,1493.449951,6835200
3/2/2018,1469.099976,1501.050049,1455.01001,1500.25,1500.25,6587600
3/5/2018,1494.23999,1525.380005,1481,1523.609985,1523.609985,5233900
3/6/2018,1533.199951,1542.130005,1528,1537.640015,1537.640015,4561700
3/7/2018,1526.52002,1545.900024,1522.51001,1545,1545,4174100
3/8/2018,1550,1554.880005,1545.25,1551.859985,1551.859985,3862600
3/9/2018,1563.5,1578.939941,1559.079956,1578.890015,1578.890015,4534300
3/12/2018,1592.599976,1605.329956,1586.699951,1598.390015,1598.390015,5174200
3/13/2018,1615.959961,1617.540039,1578.01001,1588.180054,1588.180054,6531900
3/14/2018,1597,1606.439941,1590.890015,1591,1591,4259400
3/15/2018,1595,1596.910034,1578.109985,1582.319946,1582.319946,4069700
3/16/2018,1583.449951,1589.439941,1567.5,1571.680054,1571.680054,5425000
3/19/2018,1554.530029,1561.660034,1525.349976,1544.930054,1544.930054,6580800
3/20/2018,1550.339966,1587,1545.410034,1586.51001,1586.51001,4581600
3/21/2018,1586.449951,1590,1563.170044,1581.859985,1581.859985,4750800
3/22/2018,1565.469971,1573.849976,1542.400024,1544.920044,1544.920044,6320600
3/23/2018,1539.01001,1549.02002,1495.359985,1495.560059,1495.560059,8006000
3/26/2018,1530,1556.98999,1499.25,1555.859985,1555.859985,5624700
3/27/2018,1572.400024,1575.969971,1482.319946,1497.050049,1497.050049,6999600
3/28/2018,1447,1455.900024,1386.170044,1431.420044,1431.420044,13705300
3/29/2018,1406,1455.469971,1365.199951,1447.339966,1447.339966,12581100
4/2/2018,1417.619995,1421.359985,1355,1371.98999,1371.98999,10463600
4/3/2018,1391.380005,1414,1355.329956,1392.050049,1392.050049,10231200
4/4/2018,1358.23999,1415.390015,1352.880005,1410.569946,1410.569946,6982300
4/5/2018,1441.98999,1459.560059,1427.069946,1451.75,1451.75,6413500
4/6/2018,1429.969971,1452.5,1400.26001,1405.22998,1405.22998,5882300
4/9/2018,1425.030029,1438.47998,1402.569946,1406.079956,1406.079956,4208200
4/10/2018,1431.98999,1438.380005,1415.699951,1436.219971,1436.219971,4254100
4/11/2018,1439.439941,1448.780029,1424.890015,1427.050049,1427.050049,3582500
4/12/2018,1439.5,1452.119995,1435.060059,1448.5,1448.5,3135000
4/13/2018,1449.140015,1459.780029,1424.52002,1430.790039,1430.790039,3685300
4/16/2018,1445,1447,1427.47998,1441.5,1441.5,2808600
4/17/2018,1462.300049,1507.189941,1457.02002,1503.829956,1503.829956,5114400
4/18/2018,1514.650024,1533.800049,1504.109985,1527.839966,1527.839966,5227500
4/19/2018,1543.219971,1568.52002,1539.060059,1556.910034,1556.910034,6523700
4/20/2018,1561.199951,1561.199951,1516.089966,1527.48999,1527.48999,5541600
4/23/2018,1546.689941,1548,1503.410034,1517.859985,1517.859985,4465400
4/24/2018,1535.800049,1539.5,1448.449951,1460.089966,1460.089966,7494700
4/25/2018,1458,1469.98999,1415.02002,1460.170044,1460.170044,6587300
4/26/2018,1485.01001,1529.420044,1478.5,1517.959961,1517.959961,8801100
4/27/2018,1634.01001,1638.099976,1567.390015,1572.619995,1572.619995,13053200
4/30/2018,1582.5,1596,1560.939941,1566.130005,1566.130005,5464100
5/1/2018,1563.219971,1585,1552.180054,1582.26001,1582.26001,4572100
5/2/2018,1580.97998,1588.5,1566.359985,1569.680054,1569.680054,4360300
5/3/2018,1560.01001,1574.800049,1546.02002,1572.079956,1572.079956,4251900
5/4/2018,1562.449951,1584.900024,1562.189941,1580.949951,1580.949951,3443600
5/7/2018,1589.339966,1606.949951,1587.829956,1600.140015,1600.140015,3801900
5/8/2018,1595,1596.880005,1582.51001,1592.390015,1592.390015,3067900
5/9/2018,1600,1608,1592,1608,1608,3637300
5/10/2018,1608.47998,1615.599976,1603.439941,1609.079956,1609.079956,2817500
5/11/2018,1610.98999,1611.099976,1597.890015,1602.910034,1602.910034,2263900
5/14/2018,1604,1611.180054,1600.050049,1601.540039,1601.540039,2509500
5/15/2018,1587.800049,1587.800049,1565.219971,1576.119995,1576.119995,5077500
5/16/2018,1577.5,1594.430054,1576.670044,1587.280029,1587.280029,2570600
5/17/2018,1580.560059,1594.040039,1573,1581.76001,1581.76001,2147600
5/18/2018,1581.329956,1583.589966,1572.099976,1574.369995,1574.369995,2642600
5/21/2018,1585,1592.050049,1575,1585.459961,1585.459961,2925200
5/22/2018,1589.890015,1589.890015,1575.25,1581.400024,1581.400024,2115600
5/23/2018,1571.050049,1601.859985,1566.339966,1601.859985,1601.859985,3361900
5/24/2018,1598.030029,1608.23999,1588.380005,1603.069946,1603.069946,3430000
5/25/2018,1603,1614.119995,1600.449951,1610.150024,1610.150024,2698400
5/29/2018,1600.709961,1621.790039,1600.150024,1612.869995,1612.869995,3846500
5/30/2018,1618.099976,1626,1612.930054,1624.890015,1624.890015,2907400
5/31/2018,1623,1635,1621.349976,1629.619995,1629.619995,3166300
6/1/2018,1637.030029,1646.72998,1635.089966,1641.540039,1641.540039,3313400
6/4/2018,1648.900024,1665.680054,1645.48999,1665.27002,1665.27002,3187700
6/5/2018,1672.98999,1699,1670.060059,1696.349976,1696.349976,4782200
6/6/2018,1704.51001,1714.5,1686.469971,1695.75,1695.75,5473200
6/7/2018,1698.560059,1699.900024,1676.109985,1689.300049,1689.300049,3765700
6/8/2018,1681.119995,1689.439941,1673.01001,1683.98999,1683.98999,2955100
6/11/2018,1681.51001,1694.23999,1680.589966,1689.119995,1689.119995,2335500
6/12/2018,1693,1699.51001,1691.52002,1698.75,1698.75,2259200
6/13/2018,1702.810059,1713.75,1700.119995,1704.859985,1704.859985,3327500
6/14/2018,1713.47998,1724.800049,1708.869995,1723.859985,1723.859985,3174400
6/15/2018,1714,1720.869995,1708.52002,1715.969971,1715.969971,4777600
6/18/2018,1706.26001,1726.73999,1702.560059,1723.790039,1723.790039,3107700
6/19/2018,1709.040039,1736.109985,1700.390015,1734.780029,1734.780029,4290100
6/20/2018,1742.5,1762.930054,1741.359985,1750.079956,1750.079956,4332600
6/21/2018,1760,1763.099976,1717.560059,1730.219971,1730.219971,4941100
6/22/2018,1742.619995,1743,1711.900024,1715.670044,1715.670044,4075100
6/25/2018,1702.51001,1705,1646.310059,1663.150024,1663.150024,7511200
6/26/2018,1672.369995,1701.569946,1663.339966,1691.089966,1691.089966,4386600
6/27/2018,1708.109985,1711.949951,1660,1660.51001,1660.51001,4872200
6/28/2018,1672.540039,1705.5,1661.170044,1701.449951,1701.449951,4529700
6/29/2018,1717,1723.410034,1694.319946,1699.800049,1699.800049,4543500
7/2/2018,1682.699951,1713.890015,1678.060059,1713.780029,1713.780029,3185700
7/3/2018,1723.959961,1725,1692.47998,1693.959961,1693.959961,2177300
7/5/2018,1705.380005,1710.689941,1682.150024,1699.72998,1699.72998,2983100
7/6/2018,1696,1715.27002,1691.670044,1710.630005,1710.630005,2650300
7/9/2018,1724.050049,1739.560059,1716.22998,1739.02002,1739.02002,3012000
7/10/2018,1738.530029,1750,1731,1743.069946,1743.069946,3002900
7/11/2018,1737.98999,1756.959961,1734,1755,1755,3209800
7/12/2018,1764.51001,1798,1762.180054,1796.619995,1796.619995,4532700
7/13/2018,1803.930054,1815.300049,1795.22998,1813.030029,1813.030029,4383200
7/16/2018,1821.949951,1841.949951,1814.449951,1822.48999,1822.48999,5466200
7/17/2018,1811.560059,1851.689941,1797.380005,1843.930054,1843.930054,5682900
7/18/2018,1848,1858.880005,1831.27002,1842.920044,1842.920044,4861900
7/19/2018,1829.459961,1841,1811.27002,1812.969971,1812.969971,4676900
7/20/2018,1825.01001,1834.839966,1810.060059,1813.699951,1813.699951,3884400
7/23/2018,1812.209961,1819,1769.98999,1802,1802,3888500
7/24/2018,1829.01001,1840,1809.380005,1829.23999,1829.23999,4278700
7/25/2018,1829.300049,1863.839966,1822.640015,1863.609985,1863.609985,3738200
7/26/2018,1839,1844.680054,1804.5,1808,1808,9924400
7/27/2018,1876.050049,1880.050049,1806.530029,1817.27002,1817.27002,9681000
7/30/2018,1827.329956,1829.5,1766.02002,1779.219971,1779.219971,6562300
7/31/2018,1786.48999,1801.829956,1739.319946,1777.439941,1777.439941,5738700
8/1/2018,1784,1798.439941,1776.02002,1797.170044,1797.170044,4153100
8/2/2018,1788.77002,1836.560059,1786,1834.329956,1834.329956,4354700
8/3/2018,1837.73999,1841,1821.5,1823.290039,1823.290039,3460500
8/6/2018,1825.810059,1847.77002,1818.920044,1847.75,1847.75,3391800
8/7/2018,1854.530029,1869.719971,1846.27002,1862.47998,1862.47998,3377500
8/8/2018,1861,1891.51001,1854.5,1886.52002,1886.52002,3963000
8/9/2018,1882,1914.569946,1877.47998,1898.52002,1898.52002,4860400
8/10/2018,1888.51001,1899.5,1878.209961,1886.300049,1886.300049,3639900
8/13/2018,1898.5,1925,1893.670044,1896.199951,1896.199951,5531500
8/14/2018,1919.390015,1921.01001,1900,1919.650024,1919.650024,3986100
8/15/2018,1909.550049,1916.209961,1869.790039,1882.619995,1882.619995,7700700
8/16/2018,1903.939941,1905,1883.550049,1886.52002,1886.52002,3957100
8/17/2018,1885.800049,1888,1855.550049,1882.219971,1882.219971,4104300
8/20/2018,1890.569946,1891.75,1866.060059,1876.709961,1876.709961,2862000
8/21/2018,1880,1897.75,1874.410034,1883.420044,1883.420044,3105600
8/22/2018,1876.640015,1905.800049,1876.640015,1904.900024,1904.900024,3080500
8/23/2018,1907.170044,1919.5,1900.76001,1902.900024,1902.900024,3563000
8/24/2018,1910.51001,1916.01001,1902.540039,1905.390015,1905.390015,2800900
8/27/2018,1915,1927.699951,1909.280029,1927.680054,1927.680054,3569000
8/28/2018,1937.72998,1941.780029,1928.819946,1932.819946,1932.819946,3100700
8/29/2018,1953.449951,1998.689941,1948.939941,1998.099976,1998.099976,6531800
8/30/2018,1997.420044,2025.569946,1986.900024,2002.380005,2002.380005,7277300
8/31/2018,2007,2022.380005,2004.73999,2012.709961,2012.709961,4204400
9/4/2018,2026.5,2050.5,2013,2039.51001,2039.51001,5721100
9/5/2018,2038.109985,2040.380005,1989.890015,1994.819946,1994.819946,8220600
9/6/2018,2006.51001,2007.5,1935.209961,1958.310059,1958.310059,7488700
9/7/2018,1938.709961,1975.199951,1937.349976,1952.069946,1952.069946,4892600
9/10/2018,1971,1973.040039,1931.52002,1939.01001,1939.01001,4544800
9/11/2018,1928.27002,1988.880005,1917,1987.150024,1987.150024,5033600
9/12/2018,1994,2000,1962.439941,1990,1990,4414000
9/13/2018,2000,2008.76001,1982.030029,1989.869995,1989.869995,3621500
9/14/2018,1992.930054,1993.650024,1959.219971,1970.189941,1970.189941,3642000
9/17/2018,1954.72998,1956.819946,1887.410034,1908.030029,1908.030029,7050200
9/18/2018,1918.650024,1958.199951,1915.439941,1941.050049,1941.050049,4268700
9/19/2018,1940.5,1940.829956,1904.900024,1926.420044,1926.420044,4056800
9/20/2018,1938.579956,1955,1932.25,1944.300049,1944.300049,3154900
9/21/2018,1954.219971,1957.310059,1910.5,1915.01001,1915.01001,6855900
9/24/2018,1903.790039,1936.880005,1865,1934.359985,1934.359985,4213700
9/25/2018,1942.900024,1975.910034,1938.849976,1974.550049,1974.550049,4538400
9/26/2018,1968.5,1995.25,1961.52002,1974.849976,1974.849976,4313500
9/27/2018,1993.23999,2016.160034,1988.579956,2012.97998,2012.97998,4329400
9/28/2018,2004.410034,2026.52002,1996.459961,2003,2003,4085100
10/1/2018,2021.98999,2033.189941,2003.599976,2004.359985,2004.359985,3460500
10/2/2018,1999.98999,2013.390015,1965.77002,1971.310059,1971.310059,5400700
10/3/2018,1981.699951,1989.699951,1949.810059,1952.76001,1952.76001,5253100
10/4/2018,1949,1956,1896.569946,1909.420044,1909.420044,7257000
10/5/2018,1917.98999,1929.079956,1862.829956,1889.650024,1889.650024,6822300
10/8/2018,1874,1902,1830.660034,1864.420044,1864.420044,7393200
10/9/2018,1859.98999,1896.680054,1852.319946,1870.319946,1870.319946,4772900
10/10/2018,1857.890015,1858.560059,1754.410034,1755.25,1755.25,10988900
10/11/2018,1724,1755.400024,1685.099976,1719.359985,1719.359985,13935900
10/12/2018,1808,1808.949951,1742.530029,1788.609985,1788.609985,9444600
10/15/2018,1795,1795.050049,1734.22998,1760.949951,1760.949951,6437200
10/16/2018,1783.5,1823.880005,1761.550049,1819.959961,1819.959961,5859900
10/17/2018,1842.790039,1845,1807,1831.72998,1831.72998,5295200
10/18/2018,1821.48999,1830.150024,1767.869995,1770.719971,1770.719971,5874000
10/19/2018,1785.160034,1809.099976,1753,1764.030029,1764.030029,5907200
10/22/2018,1784,1809.5,1756,1789.300049,1789.300049,4500000
10/23/2018,1742.23999,1776.339966,1714,1768.699951,1768.699951,6723900
10/24/2018,1773.699951,1777.709961,1656.560059,1664.199951,1664.199951,6928400
10/25/2018,1703.339966,1794.810059,1692.01001,1782.170044,1782.170044,10285700
10/26/2018,1649.589966,1698.459961,1603,1642.810059,1642.810059,14963800
10/29/2018,1660,1665.73999,1495,1538.880005,1538.880005,13866100
10/30/2018,1486.160034,1540.98999,1476.359985,1530.420044,1530.420044,12460100
10/31/2018,1569.98999,1623.910034,1565.089966,1598.01001,1598.01001,9390200
11/1/2018,1623.530029,1670.449951,1598.439941,1665.530029,1665.530029,8135500
11/2/2018,1678.589966,1697.439941,1651.829956,1665.530029,1665.530029,6955500
11/5/2018,1657.569946,1658.089966,1596.359985,1627.800049,1627.800049,5624700
11/6/2018,1618.349976,1665,1614.550049,1642.810059,1642.810059,4257400
11/7/2018,1673,1759.22998,1664.079956,1755.48999,1755.48999,8192200
11/8/2018,1755,1784,1725.109985,1754.910034,1754.910034,6534900
11/9/2018,1732.5,1743.920044,1701.869995,1712.430054,1712.430054,5902200
11/12/2018,1698.23999,1708.550049,1630.01001,1636.849976,1636.849976,6806200
11/13/2018,1649.290039,1677.060059,1613.75,1631.170044,1631.170044,5933300
11/14/2018,1656.319946,1673,1597.069946,1599.01001,1599.01001,6486900
11/15/2018,1581.01001,1624.819946,1546.51001,1619.439941,1619.439941,8427300
11/16/2018,1587.5,1614.47998,1573.119995,1593.410034,1593.410034,6066100
11/19/2018,1577.01001,1581.189941,1503.359985,1512.290039,1512.290039,7790000
11/20/2018,1437.5,1534.75,1420,1495.459961,1495.459961,10878800
11/21/2018,1542.98999,1550,1515,1516.72998,1516.72998,5716800
11/23/2018,1517,1536.199951,1501.810059,1502.060059,1502.060059,2707600
11/26/2018,1539,1584.810059,1524.219971,1581.329956,1581.329956,6257700
11/27/2018,1575.98999,1597.650024,1558.01001,1581.420044,1581.420044,5783200
11/28/2018,1613.920044,1681.449951,1601.219971,1677.75,1677.75,8458700
11/29/2018,1674.98999,1689.98999,1652.329956,1673.569946,1673.569946,6613200
11/30/2018,1679.5,1696,1666.5,1690.170044,1690.170044,5761800
12/3/2018,1769.459961,1778.339966,1730,1772.359985,1772.359985,6862300
12/4/2018,1756,1770.339966,1665,1668.400024,1668.400024,8694500
12/6/2018,1614.869995,1701.050049,1609.849976,1699.189941,1699.189941,8789400
12/7/2018,1705.069946,1718.930054,1625.459961,1629.130005,1629.130005,7576100
12/10/2018,1623.839966,1657.98999,1590.869995,1641.030029,1641.030029,7494800
12/11/2018,1678,1679.469971,1619.599976,1643.23999,1643.23999,6244700
12/12/2018,1669,1704.98999,1660.27002,1663.540039,1663.540039,6598000
12/13/2018,1680,1692.119995,1641.5,1658.380005,1658.380005,5271300
12/14/2018,1638,1642.569946,1585,1591.910034,1591.910034,6367200
12/17/2018,1566,1576.130005,1505.01001,1520.910034,1520.910034,8829800
12/18/2018,1540,1567.550049,1523.01001,1551.47998,1551.47998,6523000
12/19/2018,1543.050049,1584.530029,1483.180054,1495.079956,1495.079956,8792200
12/20/2018,1484,1509.5,1432.689941,1460.829956,1460.829956,9991800
12/21/2018,1464.98999,1480,1363.959961,1377.449951,1377.449951,13640300
12/24/2018,1346,1396.030029,1307,1343.959961,1343.959961,7220000
12/26/2018,1368.890015,1473.160034,1363.01001,1470.900024,1470.900024,10411800
12/27/2018,1454.199951,1469,1390.310059,1461.640015,1461.640015,9722000
12/28/2018,1473.349976,1513.469971,1449,1478.02002,1478.02002,8829000
12/31/2018,1510.800049,1520.76001,1487,1501.969971,1501.969971,6954500
1/2/2019,1465.199951,1553.359985,1460.930054,1539.130005,1539.130005,7983100
1/3/2019,1520.01001,1538,1497.109985,1500.280029,1500.280029,6975600
1/4/2019,1530,1594,1518.310059,1575.390015,1575.390015,9182600
1/7/2019,1602.310059,1634.560059,1589.189941,1629.51001,1629.51001,7993200
1/8/2019,1664.689941,1676.609985,1616.609985,1656.579956,1656.579956,8881400
1/9/2019,1652.97998,1667.800049,1641.400024,1659.420044,1659.420044,6348800
1/10/2019,1641.01001,1663.25,1621.619995,1656.219971,1656.219971,6507700
1/11/2019,1640.550049,1660.290039,1636.219971,1640.560059,1640.560059,4686200
1/14/2019,1615,1648.199951,1595.150024,1617.209961,1617.209961,6005900
1/15/2019,1632,1675.160034,1626.01001,1674.560059,1674.560059,5998500
1/16/2019,1684.219971,1705,1675.880005,1683.780029,1683.780029,6366900
1/17/2019,1680,1700.170044,1677.5,1693.219971,1693.219971,4208900
1/18/2019,1712,1716.199951,1691.540039,1696.199951,1696.199951,6020500
1/22/2019,1681,1681.869995,1610.199951,1632.170044,1632.170044,6416800
1/23/2019,1656,1657.430054,1612,1640.02002,1640.02002,5225200
1/24/2019,1641.069946,1657.26001,1631.780029,1654.930054,1654.930054,4089900
1/25/2019,1670.5,1683.47998,1661.609985,1670.569946,1670.569946,4945900
1/28/2019,1643.589966,1645,1614.089966,1637.890015,1637.890015,4837700
1/29/2019,1631.27002,1632.380005,1590.719971,1593.880005,1593.880005,4632800
1/30/2019,1623,1676.949951,1619.680054,1670.430054,1670.430054,5783800
1/31/2019,1692.849976,1736.410034,1679.079956,1718.72998,1718.72998,10910300
2/1/2019,1638.880005,1673.060059,1622.01001,1626.22998,1626.22998,11506200
2/4/2019,1623,1649.630005,1613.5,1633.310059,1633.310059,4929100
2/5/2019,1643.339966,1665.26001,1642.5,1658.810059,1658.810059,4453100
2/6/2019,1670.75,1672.26001,1633.339966,1640.26001,1640.26001,3939900
2/7/2019,1625,1625.540039,1592.910034,1614.369995,1614.369995,4626600
2/8/2019,1586,1588.589966,1566.76001,1588.219971,1588.219971,5657500
2/11/2019,1600.97998,1609.290039,1586,1591,1591,3317300
2/12/2019,1604,1639.400024,1598.880005,1638.01001,1638.01001,4858600
2/13/2019,1647,1656.380005,1637.109985,1640,1640,3560300
2/14/2019,1624.5,1637.900024,1606.060059,1622.650024,1622.650024,4120500
2/15/2019,1627.859985,1628.910034,1604.5,1607.949951,1607.949951,4343900
2/19/2019,1601,1634,1600.560059,1627.579956,1627.579956,3681700
2/20/2019,1630,1634.930054,1610.119995,1622.099976,1622.099976,3337600
2/21/2019,1619.849976,1623.560059,1600.910034,1619.439941,1619.439941,3483400
2/22/2019,1623.5,1634.939941,1621.170044,1631.560059,1631.560059,3096200
2/25/2019,1641.449951,1654.599976,1630.390015,1633,1633,3184500
2/26/2019,1625.97998,1639.98999,1616.130005,1636.400024,1636.400024,2665800
2/27/2019,1628.180054,1641.810059,1615.099976,1641.089966,1641.089966,3148800
2/28/2019,1635.25,1651.77002,1633.829956,1639.829956,1639.829956,3025900
3/1/2019,1655.130005,1674.26001,1651,1671.72998,1671.72998,4974900
3/4/2019,1685,1709.430054,1674.359985,1696.170044,1696.170044,6167400
3/5/2019,1702.949951,1707.800049,1689.01001,1692.430054,1692.430054,3681500
3/6/2019,1695.969971,1697.75,1668.280029,1668.949951,1668.949951,3996000
3/7/2019,1667.369995,1669.75,1620.51001,1625.949951,1625.949951,4957000
3/8/2019,1604.01001,1622.719971,1586.569946,1620.800049,1620.800049,4667000
3/11/2019,1626.119995,1672.290039,1626.01001,1670.619995,1670.619995,3876400
3/12/2019,1669,1684.27002,1660.97998,1673.099976,1673.099976,3614500
3/13/2019,1683,1700,1679.349976,1690.810059,1690.810059,3552000
3/14/2019,1691.199951,1702,1684.339966,1686.219971,1686.219971,2946600
3/15/2019,1703,1718.800049,1693.130005,1712.359985,1712.359985,7550900
3/18/2019,1712.699951,1750,1712.630005,1742.150024,1742.150024,5429100
3/19/2019,1753.51001,1784.160034,1753.51001,1761.849976,1761.849976,6364200
3/20/2019,1769.939941,1799.5,1767.030029,1797.27002,1797.27002,6265600
3/21/2019,1796.26001,1823.75,1787.280029,1819.26001,1819.26001,5767800
3/22/2019,1810.170044,1818.97998,1763.109985,1764.77002,1764.77002,6363000
3/25/2019,1757.790039,1782.680054,1747.5,1774.26001,1774.26001,5103800
3/26/2019,1793,1805.77002,1773.359985,1783.76001,1783.76001,4865900
3/27/2019,1784.130005,1787.5,1745.680054,1765.699951,1765.699951,4324800
3/28/2019,1770,1777.930054,1753.469971,1773.420044,1773.420044,3043000
3/29/2019,1786.579956,1792.859985,1776.630005,1780.75,1780.75,3320800
4/1/2019,1800.109985,1815.670044,1798.72998,1814.189941,1814.189941,4238800
4/2/2019,1811.02002,1820,1805.119995,1813.97998,1813.97998,3448100
4/3/2019,1826.719971,1830,1809.619995,1820.699951,1820.699951,3926100
4/4/2019,1820.650024,1828.75,1804.199951,1818.859985,1818.859985,3623900
4/5/2019,1829,1838.579956,1825.189941,1837.280029,1837.280029,3640500
4/8/2019,1833.22998,1850.199951,1825.109985,1849.859985,1849.859985,3752800
4/9/2019,1845.48999,1853.089966,1831.780029,1835.839966,1835.839966,3714400
4/10/2019,1841,1848,1828.810059,1847.329956,1847.329956,2964000
4/11/2019,1848.699951,1849.949951,1840.310059,1844.069946,1844.069946,2654800
4/12/2019,1848.400024,1851.5,1841.300049,1843.060059,1843.060059,3114400
4/15/2019,1842,1846.849976,1818.900024,1844.869995,1844.869995,3724400
4/16/2019,1851.349976,1869.77002,1848,1863.040039,1863.040039,3044600
4/17/2019,1872.98999,1876.469971,1860.439941,1864.819946,1864.819946,2893500
4/18/2019,1868.790039,1870.819946,1859.47998,1861.689941,1861.689941,2749900
4/22/2019,1855.400024,1888.420044,1845.640015,1887.310059,1887.310059,3373800
4/23/2019,1891.199951,1929.26001,1889.579956,1923.77002,1923.77002,4640400
4/24/2019,1925,1929.689941,1898.160034,1901.75,1901.75,3675800
4/25/2019,1917,1922.449951,1900.310059,1902.25,1902.25,6099100
4/26/2019,1929,1951,1898,1950.630005,1950.630005,8432600
4/29/2019,1949,1956.339966,1934.089966,1938.430054,1938.430054,4021300
4/30/2019,1930.099976,1935.709961,1906.949951,1926.52002,1926.52002,3506000
5/1/2019,1933.089966,1943.640015,1910.550049,1911.52002,1911.52002,3117000
5/2/2019,1913.329956,1921.550049,1881.869995,1900.819946,1900.819946,3962900
5/3/2019,1949,1964.400024,1936,1962.459961,1962.459961,6381600
5/6/2019,1917.97998,1959,1910.5,1950.550049,1950.550049,5417800
5/7/2019,1939.98999,1949.099976,1903.380005,1921,1921,5902100
5/8/2019,1918.869995,1935.369995,1910,1917.77002,1917.77002,4078600
5/9/2019,1900,1909.400024,1876,1899.869995,1899.869995,5308300
5/10/2019,1898,1903.790039,1856,1889.97998,1889.97998,5718000
5/13/2019,1836.560059,1846.540039,1818,1822.680054,1822.680054,5783400
5/14/2019,1839.5,1852.439941,1815.75,1840.119995,1840.119995,4629100
5/15/2019,1827.949951,1874.430054,1823,1871.150024,1871.150024,4692600
5/16/2019,1885.939941,1917.51001,1882.290039,1907.569946,1907.569946,4707800
5/17/2019,1893.050049,1910.530029,1867.329956,1869,1869,4736600
5/20/2019,1852.689941,1867.780029,1835.540039,1858.969971,1858.969971,3798200
5/21/2019,1874.790039,1879,1846,1857.52002,1857.52002,4005100
5/22/2019,1851.780029,1871.48999,1851,1859.680054,1859.680054,2936600
5/23/2019,1836.589966,1844,1804.199951,1815.47998,1815.47998,4424300
5/24/2019,1835.890015,1841.76001,1817.849976,1823.280029,1823.280029,3369700
5/28/2019,1832.75,1849.27002,1827.349976,1836.430054,1836.430054,3200000
5/29/2019,1823.119995,1830,1807.530029,1819.189941,1819.189941,4279000
5/30/2019,1825.48999,1829.469971,1807.829956,1816.319946,1816.319946,3146900
5/31/2019,1790.01001,1795.589966,1772.699951,1775.069946,1775.069946,4618800
6/3/2019,1760.01001,1766.290039,1672,1692.689941,1692.689941,9098700
6/4/2019,1699.23999,1730.819946,1680.890015,1729.560059,1729.560059,5679100
6/5/2019,1749.599976,1752,1715.25,1738.5,1738.5,4239800
6/6/2019,1737.709961,1760,1726.130005,1754.359985,1754.359985,3689300
6/7/2019,1763.699951,1806.25,1759.48999,1804.030029,1804.030029,4808200
6/10/2019,1822,1884.869995,1818,1860.630005,1860.630005,5371000
6/11/2019,1883.25,1893.699951,1858,1863.699951,1863.699951,4042700
6/12/2019,1853.97998,1865,1844.380005,1855.319946,1855.319946,2678300
6/13/2019,1866.719971,1883.089966,1862.219971,1870.300049,1870.300049,2795800
6/14/2019,1864,1876,1859,1869.670044,1869.670044,2851200
6/17/2019,1876.5,1895.689941,1875.449951,1886.030029,1886.030029,2634300
6/18/2019,1901.349976,1921.670044,1899.790039,1901.369995,1901.369995,3895700
6/19/2019,1907.839966,1919.579956,1892.469971,1908.790039,1908.790039,2895300
6/20/2019,1933.329956,1935.199951,1905.800049,1918.189941,1918.189941,3217200
6/21/2019,1916.099976,1925.949951,1907.579956,1911.300049,1911.300049,3933600
6/24/2019,1912.660034,1916.859985,1901.300049,1913.900024,1913.900024,2283000
6/25/2019,1911.839966,1916.390015,1872.420044,1878.27002,1878.27002,3012300
6/26/2019,1892.47998,1903.800049,1887.319946,1897.829956,1897.829956,2441900
6/27/2019,1902,1911.23999,1898.040039,1904.280029,1904.280029,2141700
6/28/2019,1909.099976,1912.939941,1884,1893.630005,1893.630005,3037400
7/1/2019,1922.97998,1929.819946,1914.660034,1922.189941,1922.189941,3192100
7/2/2019,1919.380005,1934.790039,1906.630005,1934.310059,1934.310059,2645900
7/3/2019,1935.890015,1941.589966,1930.5,1939,1939,1690300
7/5/2019,1928.599976,1945.900024,1925.300049,1942.910034,1942.910034,2628400
7/8/2019,1934.119995,1956,1928.25,1952.319946,1952.319946,2883400
7/9/2019,1947.800049,1990.01001,1943.47998,1988.300049,1988.300049,4345700
7/10/2019,1996.51001,2024.939941,1995.400024,2017.410034,2017.410034,4931900
7/11/2019,2025.619995,2035.800049,1995.300049,2001.069946,2001.069946,4317800
7/12/2019,2008.27002,2017,2003.869995,2011,2011,2509300
7/15/2019,2021.400024,2022.900024,2001.550049,2020.98999,2020.98999,2981300
7/16/2019,2010.579956,2026.319946,2001.219971,2009.900024,2009.900024,2618200
7/17/2019,2007.050049,2012,1992.030029,1992.030029,1992.030029,2558800
7/18/2019,1980.01001,1987.5,1951.550049,1977.900024,1977.900024,3486900
7/19/2019,1991.209961,1996,1962.22998,1964.52002,1964.52002,3185600
7/22/2019,1971.140015,1989,1958.26001,1985.630005,1985.630005,2900000
7/23/2019,1995.98999,1997.790039,1973.130005,1994.48999,1994.48999,2703500
7/24/2019,1969.300049,2001.300049,1965.869995,2000.810059,2000.810059,2631300
7/25/2019,2001,2001.199951,1972.719971,1973.819946,1973.819946,4136500
7/26/2019,1942,1950.900024,1924.51001,1943.050049,1943.050049,4927100
7/29/2019,1930,1932.22998,1890.540039,1912.449951,1912.449951,4493200
7/30/2019,1891.119995,1909.890015,1883.47998,1898.530029,1898.530029,2910900
7/31/2019,1898.109985,1899.550049,1849.439941,1866.780029,1866.780029,4470700
8/1/2019,1871.719971,1897.920044,1844.01001,1855.319946,1855.319946,4713300
8/2/2019,1845.069946,1846.359985,1808.02002,1823.23999,1823.23999,4956200
8/5/2019,1770.219971,1788.670044,1748.780029,1765.130005,1765.130005,6058200
8/6/2019,1792.22998,1793.77002,1753.400024,1787.829956,1787.829956,5070300
8/7/2019,1773.98999,1798.930054,1757,1793.400024,1793.400024,4526900
8/8/2019,1806,1834.26001,1798.109985,1832.890015,1832.890015,3701200
8/9/2019,1828.949951,1831.089966,1802.219971,1807.579956,1807.579956,2879800
8/12/2019,1795.98999,1800.97998,1777,1784.920044,1784.920044,2905500
8/13/2019,1783,1831.73999,1780,1824.339966,1824.339966,3994000
8/14/2019,1793.01001,1795.650024,1757.219971,1762.959961,1762.959961,4893600
8/15/2019,1781.98999,1788,1761.959961,1776.119995,1776.119995,3759100
8/16/2019,1792.890015,1802.910034,1784.550049,1792.569946,1792.569946,3018000
8/19/2019,1818.079956,1826,1812.609985,1816.119995,1816.119995,2816300
8/20/2019,1814.5,1816.819946,1799.880005,1801.380005,1801.380005,1929500
8/21/2019,1819.390015,1829.579956,1815,1823.540039,1823.540039,2031800
8/22/2019,1828,1829.410034,1800.099976,1804.660034,1804.660034,2653500
8/23/2019,1793.030029,1804.900024,1745.22998,1749.619995,1749.619995,5270800
8/26/2019,1766.910034,1770,1743.51001,1768.869995,1768.869995,3080000
8/27/2019,1775.72998,1779.400024,1746.680054,1761.829956,1761.829956,3019700
8/28/2019,1755,1767.859985,1744.050049,1764.25,1764.25,2419700
8/29/2019,1783,1798.550049,1777.25,1786.400024,1786.400024,3015100
8/30/2019,1797.48999,1799.73999,1764.569946,1776.290039,1776.290039,3058700
9/3/2019,1770,1800.800049,1768,1789.839966,1789.839966,3543000
9/4/2019,1805,1807.630005,1796.22998,1800.619995,1800.619995,2324100
9/5/2019,1821.949951,1842,1815.579956,1840.719971,1840.719971,3310800
9/6/2019,1838.219971,1840.650024,1826.400024,1833.51001,1833.51001,2496900
9/9/2019,1841,1850,1824.609985,1831.349976,1831.349976,2999500
9/10/2019,1822.75,1825.810059,1805.339966,1820.550049,1820.550049,2613900
9/11/2019,1812.140015,1833.420044,1809.079956,1822.98999,1822.98999,2432800
9/12/2019,1837.630005,1853.660034,1834.280029,1843.550049,1843.550049,2823500
9/13/2019,1842.01001,1846.119995,1835.170044,1839.339966,1839.339966,1971300
9/16/2019,1824.02002,1825.689941,1800.199951,1807.839966,1807.839966,3675500
9/17/2019,1807.079956,1823.98999,1804.099976,1822.550049,1822.550049,1982400
9/18/2019,1817.040039,1822.060059,1795.5,1817.459961,1817.459961,2505600
9/19/2019,1821.02002,1832.569946,1817.900024,1821.5,1821.5,2031500
9/20/2019,1821.709961,1830.630005,1780.920044,1794.160034,1794.160034,5341900
9/23/2019,1777,1792.699951,1767.319946,1785.300049,1785.300049,2922300
9/24/2019,1790.609985,1795.709961,1735.550049,1741.609985,1741.609985,4616000
9/25/2019,1747.359985,1773,1723,1768.329956,1768.329956,3493200
9/26/2019,1762.790039,1763.369995,1731.5,1739.839966,1739.839966,3536800
9/27/2019,1748,1749.119995,1713.819946,1725.449951,1725.449951,3907200
9/30/2019,1726.98999,1737.459961,1709.219971,1735.910034,1735.910034,2644700
10/1/2019,1746,1755.599976,1728.410034,1735.650024,1735.650024,3084500
10/2/2019,1727.73999,1728.890015,1705,1713.22998,1713.22998,3301100
10/3/2019,1713,1725,1685.060059,1724.420044,1724.420044,3468200
10/4/2019,1726.02002,1740.579956,1719.22998,1739.650024,1739.650024,2471900
10/7/2019,1731.630005,1747.829956,1723.699951,1732.660034,1732.660034,2154700
10/8/2019,1722.48999,1727,1705,1705.51001,1705.51001,2542000
10/9/2019,1719.609985,1729.949951,1714.359985,1721.98999,1721.98999,2043500
10/10/2019,1725.23999,1738.290039,1713.75,1720.26001,1720.26001,2575200
10/11/2019,1742.920044,1745.449951,1729.859985,1731.920044,1731.920044,3255000
10/14/2019,1728.910034,1741.890015,1722,1736.430054,1736.430054,1910200
10/15/2019,1742.140015,1776.449951,1740.619995,1767.380005,1767.380005,3111700
10/16/2019,1773.329956,1786.23999,1770.52002,1777.430054,1777.430054,2763400
10/17/2019,1796.48999,1798.849976,1782.02002,1787.47998,1787.47998,2647400
10/18/2019,1787.800049,1793.97998,1749.199951,1757.51001,1757.51001,3362500
10/21/2019,1769.660034,1785.880005,1765,1785.660034,1785.660034,2130400
10/22/2019,1788.150024,1789.780029,1762,1765.72998,1765.72998,2111700
10/23/2019,1761.300049,1770.050049,1742,1762.170044,1762.170044,2138200
10/24/2019,1771.089966,1788.339966,1760.27002,1780.780029,1780.780029,4446100
10/25/2019,1697.550049,1764.209961,1695,1761.329956,1761.329956,9626400
10/28/2019,1748.060059,1778.699951,1742.5,1777.079956,1777.079956,3708900
10/29/2019,1774.810059,1777,1755.810059,1762.709961,1762.709961,2276900
10/30/2019,1760.23999,1782.380005,1759.119995,1779.98999,1779.98999,2449400
10/31/2019,1775.98999,1792,1771.47998,1776.660034,1776.660034,2781200
11/1/2019,1788.01001,1797.449951,1785.209961,1791.439941,1791.439941,2790400
11/4/2019,1801.01001,1815.060059,1801.01001,1804.660034,1804.660034,2771900
11/5/2019,1809.160034,1810.25,1794,1801.709961,1801.709961,1885500
11/6/2019,1801,1802.5,1788.579956,1795.77002,1795.77002,2029800
11/7/2019,1803.76001,1805.900024,1783.47998,1788.199951,1788.199951,2651100
11/8/2019,1787.890015,1789.880005,1774.040039,1785.880005,1785.880005,2123300
11/11/2019,1778,1780,1767.130005,1771.650024,1771.650024,1946000
11/12/2019,1774.660034,1786.219971,1771.910034,1778,1778,2037600
11/13/2019,1773.390015,1775,1747.319946,1753.109985,1753.109985,2989500
11/14/2019,1751.430054,1766.589966,1749.560059,1754.599976,1754.599976,2264800
11/15/2019,1760.050049,1761.680054,1732.859985,1739.48999,1739.48999,3927600
11/18/2019,1738.300049,1753.699951,1722.709961,1752.530029,1752.530029,2839500
11/19/2019,1756.98999,1760.680054,1743.030029,1752.790039,1752.790039,2270800
11/20/2019,1749.140015,1762.52002,1734.119995,1745.530029,1745.530029,2790000
11/21/2019,1743,1746.869995,1730.359985,1734.709961,1734.709961,2662900
11/22/2019,1739.02002,1746.430054,1731,1745.719971,1745.719971,2479100
11/25/2019,1753.25,1777.420044,1753.23999,1773.839966,1773.839966,3486200
11/26/2019,1779.920044,1797.030029,1778.349976,1796.939941,1796.939941,3181200
11/27/2019,1801,1824.5,1797.310059,1818.51001,1818.51001,3025600
11/29/2019,1817.780029,1824.689941,1800.790039,1800.800049,1800.800049,1923400
12/2/2019,1804.400024,1805.550049,1762.680054,1781.599976,1781.599976,3925600
12/3/2019,1760,1772.869995,1747.22998,1769.959961,1769.959961,3380900
12/4/2019,1774.01001,1789.089966,1760.219971,1760.689941,1760.689941,2670100
12/5/2019,1763.5,1763.5,1740,1740.47998,1740.47998,2823800
12/6/2019,1751.199951,1754.400024,1740.130005,1751.599976,1751.599976,3117400
12/9/2019,1750.660034,1766.890015,1745.609985,1749.51001,1749.51001,2442800
12/10/2019,1747.400024,1750.670044,1735,1739.209961,1739.209961,2514300
12/11/2019,1741.670044,1750,1735.709961,1748.719971,1748.719971,2097600
12/12/2019,1750,1764,1745.439941,1760.329956,1760.329956,3095900
12/13/2019,1765,1768.98999,1755,1760.939941,1760.939941,2745700
12/16/2019,1767,1769.5,1757.050049,1769.209961,1769.209961,3145200
12/17/2019,1778.01001,1792,1777.390015,1790.660034,1790.660034,3644400
12/18/2019,1795.02002,1798.199951,1782.359985,1784.030029,1784.030029,3351400
12/19/2019,1780.5,1792.98999,1774.060059,1792.280029,1792.280029,2652800
12/20/2019,1799.619995,1802.969971,1782.449951,1786.5,1786.5,5150800
12/23/2019,1788.26001,1793,1784.51001,1793,1793,2136400
12/24/2019,1793.810059,1795.569946,1787.579956,1789.209961,1789.209961,881300
12/26/2019,1801.01001,1870.459961,1799.5,1868.77002,1868.77002,6005400
12/27/2019,1882.920044,1901.400024,1866.01001,1869.800049,1869.800049,6186600
12/30/2019,1874,1884,1840.619995,1846.890015,1846.890015,3674700
12/31/2019,1842,1853.26001,1832.22998,1847.839966,1847.839966,2506500
1/2/2020,1875,1898.01001,1864.150024,1898.01001,1898.01001,4029000
1/3/2020,1864.5,1886.199951,1864.5,1874.969971,1874.969971,3764400
1/6/2020,1860,1903.689941,1860,1902.880005,1902.880005,4061800
1/7/2020,1904.5,1913.890015,1892.040039,1906.859985,1906.859985,4044900
1/8/2020,1898.040039,1911,1886.439941,1891.969971,1891.969971,3508000
1/9/2020,1909.890015,1917.819946,1895.800049,1901.050049,1901.050049,3167300
1/10/2020,1905.369995,1906.939941,1880,1883.160034,1883.160034,2853700
1/13/2020,1891.310059,1898,1880.800049,1891.300049,1891.300049,2780800
1/14/2020,1885.880005,1887.109985,1858.550049,1869.439941,1869.439941,3440900
1/15/2020,1872.25,1878.859985,1855.089966,1862.02002,1862.02002,2896600
1/16/2020,1882.98999,1885.589966,1866.02002,1877.939941,1877.939941,2659500
1/17/2020,1885.890015,1886.640015,1857.25,1864.719971,1864.719971,3997300
1/21/2020,1865,1894.27002,1860,1892,1892,3707800
1/22/2020,1896.089966,1902.5,1883.339966,1887.459961,1887.459961,3216300
1/23/2020,1885.109985,1889.97998,1872.76001,1884.579956,1884.579956,2484600
1/24/2020,1891.369995,1894.98999,1847.439941,1861.640015,1861.640015,3766200
1/27/2020,1820,1841,1815.339966,1828.339966,1828.339966,3528500
1/28/2020,1840.5,1858.109985,1830.02002,1853.25,1853.25,2808000
1/29/2020,1864,1874.75,1855.02002,1858,1858,2088000
1/30/2020,1858,1872.869995,1850.609985,1870.680054,1870.680054,6327400
1/31/2020,2051.469971,2055.719971,2002.27002,2008.719971,2008.719971,15567300
2/3/2020,2010.599976,2048.5,2000.25,2004.199951,2004.199951,5891700
2/4/2020,2029.880005,2059.800049,2015.369995,2049.669922,2049.669922,5289300
2/5/2020,2071.02002,2071.02002,2032,2039.869995,2039.869995,4376200
2/6/2020,2041.02002,2056.300049,2024.800049,2050.22998,2050.22998,3183000
2/7/2020,2041.98999,2098.530029,2038.099976,2079.280029,2079.280029,5095300
2/10/2020,2085.01001,2135.600098,2084.959961,2133.909912,2133.909912,5056200
2/11/2020,2150.899902,2185.949951,2136,2150.800049,2150.800049,5746000
2/12/2020,2163.199951,2180.25,2155.290039,2160,2160,3334300
2/13/2020,2144.98999,2170.280029,2142,2149.870117,2149.870117,3031800
2/14/2020,2155.679932,2159.040039,2125.889893,2134.870117,2134.870117,2606200
2/18/2020,2125.02002,2166.070068,2124.110107,2155.669922,2155.669922,2945600
2/19/2020,2167.800049,2185.100098,2161.120117,2170.219971,2170.219971,2561200
2/20/2020,2173.070068,2176.790039,2127.449951,2153.100098,2153.100098,3131300
2/21/2020,2142.149902,2144.550049,2088,2095.969971,2095.969971,4646300
2/24/2020,2003.180054,2039.300049,1987.969971,2009.290039,2009.290039,6547000
2/25/2020,2026.420044,2034.599976,1958.420044,1972.73999,1972.73999,6219100
2/26/2020,1970.280029,2014.670044,1960.449951,1979.589966,1979.589966,5224600
2/27/2020,1934.380005,1975,1882.76001,1884.300049,1884.300049,8144000
2/28/2020,1814.630005,1889.76001,1811.130005,1883.75,1883.75,9481000
3/2/2020,1906.48999,1954.51001,1870,1953.949951,1953.949951,6761700
3/3/2020,1975.369995,1996.329956,1888.089966,1908.98999,1908.98999,7534500
3/4/2020,1946.569946,1978,1922,1975.829956,1975.829956,4772900
3/5/2020,1933,1960.719971,1910,1924.030029,1924.030029,4748200
3/6/2020,1875,1910.869995,1869.5,1901.089966,1901.089966,5273600
3/9/2020,1773.859985,1862.77002,1761.290039,1800.609985,1800.609985,7813200
3/10/2020,1870.880005,1894.27002,1818.170044,1891.819946,1891.819946,7133300
3/11/2020,1857.849976,1871.319946,1801.5,1820.859985,1820.859985,5624800
3/12/2020,1721.97998,1765,1675,1676.609985,1676.609985,11346200
3/13/2020,1755,1786.310059,1680.619995,1785,1785,8809700
3/16/2020,1641.51001,1759.449951,1626.030029,1689.150024,1689.150024,8917300
3/17/2020,1775.469971,1857.780029,1689.23999,1807.839966,1807.839966,10917100
3/18/2020,1750,1841.660034,1745,1830,1830,9645200
3/19/2020,1860,1945,1832.650024,1880.930054,1880.930054,10399900
3/20/2020,1926.310059,1957,1820.72998,1846.089966,1846.089966,9817900
3/23/2020,1827.75,1919.400024,1812,1902.829956,1902.829956,7808500
3/24/2020,1951.5,1955,1900.339966,1940.099976,1940.099976,7147100
3/25/2020,1920.689941,1950.26001,1885.780029,1885.839966,1885.839966,6479100
3/26/2020,1902,1956.48999,1889.290039,1955.48999,1955.48999,6221300
3/27/2020,1930.859985,1939.790039,1899.920044,1900.099976,1900.099976,5387900
3/30/2020,1922.829956,1973.630005,1912.339966,1963.949951,1963.949951,6126100
3/31/2020,1964.349976,1993.02002,1944.01001,1949.719971,1949.719971,5123600
4/1/2020,1932.969971,1944.959961,1893,1907.699951,1907.699951,4121900
4/2/2020,1901.640015,1927.530029,1890,1918.829956,1918.829956,4336000
4/3/2020,1911.150024,1926.329956,1889.150024,1906.589966,1906.589966,3609900
4/6/2020,1936,1998.52002,1930.02002,1997.589966,1997.589966,5773200
4/7/2020,2017.109985,2035.719971,1997.619995,2011.599976,2011.599976,5114000
4/8/2020,2021,2044,2011.150024,2043,2043,3977300
4/9/2020,2044.300049,2053,2017.660034,2042.76001,2042.76001,4646500
4/13/2020,2040,2180,2038,2168.870117,2168.870117,6716700
4/14/2020,2200.469971,2292,2186.209961,2283.320068,2283.320068,8087200
4/15/2020,2257.679932,2333.370117,2245,2307.679932,2307.679932,6866600
4/16/2020,2346,2461,2335,2408.189941,2408.189941,12038200
4/17/2020,2372.330078,2400,2316.02002,2375,2375,7930000
4/20/2020,2389.949951,2444.97998,2386.050049,2393.610107,2393.610107,5770700
4/21/2020,2416.610107,2428.310059,2279.659912,2328.120117,2328.120117,7476700
4/22/2020,2369,2394,2351,2363.48999,2363.48999,4212200
4/23/2020,2399.97998,2424.219971,2382.080078,2399.449951,2399.449951,5066600
4/24/2020,2417,2420.429932,2382,2410.219971,2410.219971,3824900
4/27/2020,2443.199951,2444.879883,2363,2376,2376,5645600
4/28/2020,2372.100098,2373.5,2306,2314.080078,2314.080078,5269400
4/29/2020,2330.01001,2391.889893,2310,2372.709961,2372.709961,4591600
4/30/2020,2419.840088,2475,2396.01001,2474,2474,9534600
5/1/2020,2336.800049,2362.439941,2258.189941,2286.040039,2286.040039,9772600
5/4/2020,2256.379883,2326.97998,2256.379883,2315.98999,2315.98999,4865900
5/5/2020,2340,2351,2307.129883,2317.800049,2317.800049,3242500
5/6/2020,2329.439941,2357.449951,2320,2351.26001,2351.26001,3117800
5/7/2020,2374.780029,2376,2343.110107,2367.610107,2367.610107,3396400
5/8/2020,2372.139893,2387.23999,2357,2379.610107,2379.610107,3206600
5/11/2020,2374.699951,2419.669922,2372.110107,2409,2409,3259200
5/12/2020,2411.850098,2419,2355,2356.949951,2356.949951,3074900
5/13/2020,2366.800049,2407.699951,2337.800049,2367.919922,2367.919922,4782900
5/14/2020,2361.01001,2391.370117,2353.209961,2388.850098,2388.850098,3648100
5/15/2020,2368.52002,2411,2356.370117,2409.780029,2409.780029,4235000
5/18/2020,2404.350098,2433,2384.01001,2426.26001,2426.26001,4357200
5/19/2020,2429.830078,2485,2428.969971,2449.330078,2449.330078,4320500
5/20/2020,2477.870117,2500.01001,2467.27002,2497.939941,2497.939941,3998100
5/21/2020,2500,2525.449951,2442.540039,2446.73999,2446.73999,5114400
5/22/2020,2455.01001,2469.850098,2430.129883,2436.879883,2436.879883,2867100
5/26/2020,2458,2462,2414.060059,2421.860107,2421.860107,3568200
5/27/2020,2404.98999,2413.580078,2330,2410.389893,2410.389893,5056900
5/28/2020,2384.330078,2436.969971,2378.22998,2401.100098,2401.100098,3190200
5/29/2020,2415.939941,2442.370117,2398.199951,2442.370117,2442.370117,3509900
6/1/2020,2448,2476.929932,2444.169922,2471.040039,2471.040039,2928900
6/2/2020,2467,2473.530029,2445.310059,2472.409912,2472.409912,2529900
6/3/2020,2468.01001,2488,2461.169922,2478.399902,2478.399902,2671000
6/4/2020,2477.429932,2507.540039,2450.01001,2460.600098,2460.600098,2948700
6/5/2020,2444.51001,2488.649902,2437.129883,2483,2483,3306400
6/8/2020,2500.199951,2530,2487.340088,2524.060059,2524.060059,3970700
6/9/2020,2529.439941,2626.429932,2525,2600.860107,2600.860107,5176000
6/10/2020,2645,2722.350098,2626.26001,2647.449951,2647.449951,4946000
6/11/2020,2603.5,2671.379883,2536.22998,2557.959961,2557.959961,5800100
6/12/2020,2601.209961,2621.47998,2503.350098,2545.02002,2545.02002,5436100
6/15/2020,2526.600098,2584,2508,2572.679932,2572.679932,3865100
6/16/2020,2620,2620,2576,2615.27002,2615.27002,3585600
6/17/2020,2647.5,2655,2631.820068,2640.97998,2640.97998,2959300
6/18/2020,2647.01001,2659.639893,2636.110107,2653.97998,2653.97998,2487800
6/19/2020,2678.080078,2697.429932,2659,2675.01001,2675.01001,5777000
6/22/2020,2684.5,2715,2669,2713.820068,2713.820068,3208800
6/23/2020,2726.02002,2783.110107,2718.040039,2764.409912,2764.409912,4231700
6/24/2020,2780,2796,2721,2734.399902,2734.399902,4526600
6/25/2020,2739.550049,2756.22998,2712.139893,2754.580078,2754.580078,2968700
6/26/2020,2775.060059,2782.570068,2688,2692.870117,2692.870117,6500800
6/29/2020,2690.01001,2696.800049,2630.080078,2680.379883,2680.379883,4223400
6/30/2020,2685.070068,2769.629883,2675.030029,2758.820068,2758.820068,3769700
7/1/2020,2757.98999,2895,2754,2878.699951,2878.699951,6363400
7/2/2020,2912.01001,2955.560059,2871.100098,2890.300049,2890.300049,6593400
7/6/2020,2934.969971,3059.879883,2930,3057.040039,3057.040039,6880600
7/7/2020,3058.550049,3069.550049,2990,3000.120117,3000.120117,5257500
7/8/2020,3022.610107,3083.969971,3012.429932,3081.110107,3081.110107,5037600
7/9/2020,3115.98999,3193.879883,3074,3182.629883,3182.629883,6388700
7/10/2020,3191.76001,3215,3135.699951,3200,3200,5486000
7/13/2020,3251.060059,3344.290039,3068.389893,3104,3104,7720400
7/14/2020,3089,3127.379883,2950,3084,3084,7231900
7/15/2020,3080.22998,3098.350098,2973.179932,3008.870117,3008.870117,5788900
7/16/2020,2971.060059,3032,2918.22998,2999.899902,2999.899902,6394200
7/17/2020,3009,3024,2948.449951,2961.969971,2961.969971,4761300
7/20/2020,3000.199951,3201.360107,2994.02002,3196.840088,3196.840088,7598200
7/21/2020,3232.48999,3240.580078,3105.719971,3138.290039,3138.290039,6121300
7/22/2020,3125,3150,3065.26001,3099.909912,3099.909912,4104200
7/23/2020,3098.27002,3098.27002,2970,2986.550049,2986.550049,5656900
7/24/2020,2930,3031.580078,2888,3008.909912,3008.909912,5632400
7/27/2020,3062,3098,3015.77002,3055.209961,3055.209961,4170500
7/28/2020,3054.27002,3077.090088,2995.76001,3000.330078,3000.330078,3126700
7/29/2020,3030.98999,3039.159912,2996.77002,3033.530029,3033.530029,2974100
7/30/2020,3014,3092,3005,3051.879883,3051.879883,6128300
7/31/2020,3244,3246.820068,3151,3164.679932,3164.679932,8085500
8/3/2020,3180.51001,3184,3104,3111.889893,3111.889893,5074700
8/4/2020,3101.209961,3167.23999,3101.209961,3138.830078,3138.830078,4694300
8/5/2020,3143.77002,3213.590088,3127.300049,3205.030029,3205.030029,3916500
8/6/2020,3194.360107,3247.469971,3165.429932,3225,3225,3940600
8/7/2020,3224.01001,3240.810059,3140.669922,3167.459961,3167.459961,3936100
8/10/2020,3170.310059,3172.51001,3101.52002,3148.159912,3148.159912,3167300
8/11/2020,3113.199951,3159.219971,3073,3080.669922,3080.669922,3718100
8/12/2020,3108,3174.389893,3101.419922,3162.23999,3162.23999,3522100
8/13/2020,3182.98999,3217.52002,3155,3161.02002,3161.02002,3149000
8/14/2020,3178.179932,3178.23999,3120,3148.02002,3148.02002,2751700
8/17/2020,3173.120117,3194.969971,3154.179932,3182.409912,3182.409912,2691200
8/18/2020,3212,3320,3205.820068,3312.48999,3312.48999,5346000
8/19/2020,3303.01001,3315.899902,3256,3260.47998,3260.47998,4185100
8/20/2020,3252,3312.620117,3238,3297.370117,3297.370117,3332500
8/21/2020,3295,3314.399902,3275.389893,3284.719971,3284.719971,3575900
8/24/2020,3310.149902,3380.320068,3257.560059,3307.459961,3307.459961,4666300
8/25/2020,3294.98999,3357.399902,3267,3346.48999,3346.48999,3992800
8/26/2020,3351.110107,3451.73999,3344.570068,3441.850098,3441.850098,6508700
8/27/2020,3450.050049,3453,3378,3400,3400,4264800
8/28/2020,3423,3433.370117,3386.5,3401.800049,3401.800049,2897000
8/31/2020,3408.98999,3495,3405,3450.959961,3450.959961,4185900
9/1/2020,3489.580078,3513.870117,3467,3499.120117,3499.120117,3432200
9/2/2020,3547,3552.25,3486.689941,3531.449951,3531.449951,3931500
9/3/2020,3485,3488.409912,3303,3368,3368,8161100
9/4/2020,3318,3381.5,3111.129883,3294.620117,3294.620117,8781800
9/8/2020,3144,3250.850098,3130,3149.840088,3149.840088,6094200
9/9/2020,3202.98999,3303.179932,3185,3268.610107,3268.610107,5188700
9/10/2020,3307.219971,3349.889893,3170.550049,3175.110107,3175.110107,5330700
9/11/2020,3208.689941,3217.340088,3083.97998,3116.219971,3116.219971,5094000
9/14/2020,3172.939941,3187.389893,3096,3102.969971,3102.969971,4529600
9/15/2020,3136.159912,3175.02002,3108.919922,3156.129883,3156.129883,4021500
9/16/2020,3179.98999,3187.23999,3074.149902,3078.100098,3078.100098,4512200
9/17/2020,3009.25,3029.429932,2972.550049,3008.72998,3008.72998,6449100
9/18/2020,3031.73999,3037.800049,2905.540039,2954.909912,2954.909912,8892600
9/21/2020,2906.5,2962,2871,2960.469971,2960.469971,6117900
9/22/2020,3033.840088,3133.98999,3000.199951,3128.98999,3128.98999,6948800
9/23/2020,3120.429932,3127,2992.379883,2999.860107,2999.860107,5652700
9/24/2020,2977.790039,3069.300049,2965,3019.790039,3019.790039,5529400
9/25/2020,3054.860107,3101.540039,2999,3095.129883,3095.129883,4615200
9/28/2020,3148.850098,3175.040039,3117.169922,3174.050049,3174.050049,4224200
9/29/2020,3175.389893,3188.26001,3132.540039,3144.879883,3144.879883,3495800
9/30/2020,3141.139893,3212.879883,3133.98999,3148.72998,3148.72998,4896100
10/1/2020,3208,3224,3172,3221.26001,3221.26001,4971900
10/2/2020,3153.629883,3195.800049,3123,3125,3125,5613100
10/5/2020,3145.840088,3202.530029,3140.850098,3199.199951,3199.199951,3775300
10/6/2020,3165,3182,3090,3099.959961,3099.959961,5086900
10/7/2020,3135,3200,3132.389893,3195.689941,3195.689941,4309400
10/8/2020,3224.98999,3233.290039,3174.98999,3190.550049,3190.550049,3174100
10/9/2020,3210,3288.98999,3197.830078,3286.649902,3286.649902,4907900
10/12/2020,3349.939941,3496.23999,3339.550049,3442.929932,3442.929932,8364200
10/13/2020,3467.98999,3492.379883,3424.219971,3443.629883,3443.629883,5744700
10/14/2020,3447,3464.879883,3340,3363.709961,3363.709961,5812700
10/15/2020,3292.01001,3355.879883,3280,3338.649902,3338.649902,5223400
10/16/2020,3363.22998,3399.659912,3160,3272.709961,3272.709961,6474400
10/19/2020,3299.610107,3329,3192.73999,3207.209961,3207.209961,5223600
10/20/2020,3222.280029,3266,3192.01001,3217.01001,3217.01001,4509700
10/21/2020,3212.5,3233.879883,3160,3184.939941,3184.939941,4592700
10/22/2020,3189.870117,3198.75,3121.939941,3176.399902,3176.399902,4212000
10/23/2020,3191,3205.330078,3140,3204.399902,3204.399902,3466700
10/26/2020,3198.73999,3282.97998,3153.300049,3207.040039,3207.040039,5901200
10/27/2020,3224.939941,3291.659912,3211.300049,3286.330078,3286.330078,4291000
10/28/2020,3249.300049,3264.02002,3162.469971,3162.780029,3162.780029,5588300
10/29/2020,3201.27002,3257.25,3164,3211.01001,3211.01001,6596500
10/30/2020,3157.75,3167,3019,3036.149902,3036.149902,8386400
11/2/2020,3061.73999,3079.709961,2950.120117,3004.47998,3004.47998,7257400
11/3/2020,3018.530029,3074.899902,2980.97998,3048.409912,3048.409912,4897900
11/4/2020,3159.98999,3244.850098,3139.72998,3241.159912,3241.159912,6839000
11/5/2020,3319.969971,3366.800049,3288.879883,3322,3322,5789300
11/6/2020,3304.639893,3322,3232,3311.370117,3311.370117,4647300
11/9/2020,3231.030029,3289,3112.110107,3143.73999,3143.73999,7190400
11/10/2020,3095.02002,3114,3019.47998,3035.02002,3035.02002,6591000
11/11/2020,3061.780029,3139.149902,3050,3137.389893,3137.389893,4366900
11/12/2020,3159.949951,3175.879883,3086.050049,3110.280029,3110.280029,4362000
11/13/2020,3122,3141.719971,3085.389893,3128.810059,3128.810059,3756200
11/16/2020,3093.199951,3142.699951,3072.689941,3131.060059,3131.060059,3808700
11/17/2020,3183.540039,3189.25,3135.26001,3135.659912,3135.659912,3444700
11/18/2020,3134,3140,3105.100098,3105.459961,3105.459961,2916800
11/19/2020,3105.310059,3125,3080.919922,3117.02002,3117.02002,3010300
11/20/2020,3117.02002,3132.889893,3098.050049,3099.399902,3099.399902,3374400
11/23/2020,3116.699951,3139.75,3065.459961,3098.389893,3098.389893,4708900
11/24/2020,3100.5,3134.25,3086.26001,3118.060059,3118.060059,3602100
11/25/2020,3141.870117,3198,3140.26001,3185.070068,3185.070068,3790400
11/27/2020,3211.26001,3216.189941,3190.050049,3195.340088,3195.340088,2392900
11/30/2020,3208.47998,3228.389893,3125.550049,3168.040039,3168.040039,4063900
12/1/2020,3188.5,3248.949951,3157.179932,3220.080078,3220.080078,4537000
12/2/2020,3221.649902,3232,3173.26001,3203.530029,3203.530029,3129300
12/3/2020,3205.459961,3228.639893,3181.310059,3186.72998,3186.72998,2892000
12/4/2020,3198.209961,3198.209961,3158.76001,3162.580078,3162.580078,2913600
12/7/2020,3156.47998,3180.76001,3141.689941,3158,3158,2751300
12/8/2020,3158.899902,3184.129883,3120.02002,3177.290039,3177.290039,3286300
12/9/2020,3167.889893,3174.429932,3088,3104.199951,3104.199951,4100800
12/10/2020,3088.98999,3142.100098,3076,3101.48999,3101.48999,3030200
12/11/2020,3096.659912,3118.669922,3072.820068,3116.419922,3116.419922,3064700
12/14/2020,3143,3190.469971,3126,3156.969971,3156.969971,4155800
12/15/2020,3181.01001,3188.5,3130.48999,3165.120117,3165.120117,3319500
12/16/2020,3176.01001,3247,3163.679932,3240.959961,3240.959961,4427600
12/17/2020,3250,3263.51001,3221,3236.080078,3236.080078,3474300
12/18/2020,3243.98999,3249.419922,3171.600098,3201.649902,3201.649902,5995700
12/21/2020,3200.01001,3226.969971,3166,3206.179932,3206.179932,3836800
12/22/2020,3202.840088,3222,3180.080078,3206.52002,3206.52002,2369400
12/23/2020,3205,3210.129883,3184.169922,3185.27002,3185.27002,2093800
12/24/2020,3193.899902,3202,3169,3172.689941,3172.689941,1451900
12/28/2020,3194,3304,3172.689941,3283.959961,3283.959961,5686800
12/29/2020,3309.939941,3350.649902,3281.219971,3322,3322,4872900
12/30/2020,3341,3342.100098,3282.469971,3285.850098,3285.850098,3209300
12/31/2020,3275,3282.919922,3241.199951,3256.929932,3256.929932,2957200
1/4/2021,3270,3272,3144.02002,3186.629883,3186.629883,4411400
1/5/2021,3166.01001,3223.379883,3165.060059,3218.51001,3218.51001,2655500
1/6/2021,3146.47998,3197.51001,3131.159912,3138.379883,3138.379883,4394800
1/7/2021,3157,3208.540039,3155,3162.159912,3162.159912,3514500
1/8/2021,3180,3190.639893,3142.199951,3182.699951,3182.699951,3537700
1/11/2021,3148.01001,3156.379883,3110,3114.209961,3114.209961,3683400
1/12/2021,3120,3142.139893,3086,3120.830078,3120.830078,3514600
1/13/2021,3128.439941,3189.949951,3122.080078,3165.889893,3165.889893,3321200
1/14/2021,3167.52002,3178,3120.590088,3127.469971,3127.469971,3070900
1/15/2021,3123.02002,3142.550049,3095.169922,3104.25,3104.25,4244000
1/19/2021,3107,3145,3096,3120.76001,3120.76001,3305100
1/20/2021,3181.98999,3279.800049,3175,3263.379883,3263.379883,5309800
1/21/2021,3293,3348.550049,3289.570068,3306.98999,3306.98999,4936100
1/22/2021,3304.310059,3321.909912,3283.159912,3292.22998,3292.22998,2821900
1/25/2021,3328.5,3363.889893,3243.149902,3294,3294,3749800
1/26/2021,3296.360107,3338,3282.870117,3326.129883,3326.129883,2955200
1/27/2021,3341.48999,3346.52002,3207.080078,3232.580078,3232.580078,4660200
1/28/2021,3235.040039,3301.679932,3228.689941,3237.620117,3237.620117,3149200
1/29/2021,3230,3236.98999,3184.550049,3206.199951,3206.199951,4293600
2/1/2021,3242.360107,3350.26001,3235.030029,3342.879883,3342.879883,4160200
2/2/2021,3380,3427.73999,3361.129883,3380,3380,7098600
2/3/2021,3425.01001,3434,3308.620117,3312.530029,3312.530029,7088800
2/4/2021,3330,3347,3277.75,3331,3331,3670700
2/5/2021,3319,3377,3302.709961,3352.149902,3352.149902,3620800
2/8/2021,3358.5,3365,3304,3322.939941,3322.939941,3257400
2/9/2021,3312.48999,3338,3297.840088,3305,3305,2203500
2/10/2021,3314,3317.949951,3254,3286.580078,3286.580078,3151600
2/11/2021,3292,3292,3248.060059,3262.129883,3262.129883,2301400
2/12/2021,3250,3280.25,3233.310059,3277.709961,3277.709961,2335300
2/16/2021,3254.050049,3308.300049,3253.590088,3268.949951,3268.949951,2574700
2/17/2021,3263.600098,3320.909912,3259.5,3308.639893,3308.639893,3297500
2/18/2021,3282.419922,3338,3273.939941,3328.22998,3328.22998,3027400
2/19/2021,3328.22998,3333.5,3245.75,3249.899902,3249.899902,4305200
2/22/2021,3208.129883,3232.320068,3172.26001,3180.73999,3180.73999,3515700
2/23/2021,3127.030029,3204.72998,3093.600098,3194.5,3194.5,4677200
2/24/2021,3166.75,3171.22998,3125.379883,3159.530029,3159.530029,3011300
2/25/2021,3136.73999,3178.26001,3047.76001,3057.159912,3057.159912,4533800
2/26/2021,3095.199951,3122.439941,3036.699951,3092.929932,3092.929932,4275900
3/1/2021,3127.889893,3149.560059,3097.98999,3146.139893,3146.139893,2729100
3/2/2021,3143.469971,3163.52002,3087.120117,3094.530029,3094.530029,2595800
3/3/2021,3081.179932,3107.780029,2995,3005,3005,3988700
3/4/2021,3012,3058.129883,2945.429932,2977.570068,2977.570068,5481600
3/5/2021,3005,3009,2881,3000.459961,3000.459961,5388600
3/8/2021,3015,3064.590088,2951.310059,2951.949951,2951.949951,4185000
3/9/2021,3017.98999,3090.959961,3005.149902,3062.850098,3062.850098,4030000
3/10/2021,3098.449951,3116.459961,3030.050049,3057.639893,3057.639893,3012500
3/11/2021,3104.01001,3131.780029,3082.929932,3113.590088,3113.590088,2776400
3/12/2021,3075,3098.97998,3045.5,3089.48999,3089.48999,2421900
3/15/2021,3074.570068,3082.23999,3032.090088,3081.679932,3081.679932,2913600
3/16/2021,3104.969971,3128.909912,3075.860107,3091.860107,3091.860107,2538800
3/17/2021,3073.219971,3173.050049,3070.219971,3135.72998,3135.72998,3118600
3/18/2021,3101,3116.629883,3025,3027.98999,3027.98999,3649600
3/19/2021,3029.22998,3077.290039,3016.629883,3074.959961,3074.959961,4625400
3/22/2021,3067.850098,3126.580078,3060.050049,3110.870117,3110.870117,2902200
3/23/2021,3127,3182,3120.850098,3137.5,3137.5,3817300
3/24/2021,3151.040039,3160.310059,3085.149902,3087.070068,3087.070068,2959000
3/25/2021,3072.98999,3109.780029,3037.139893,3046.26001,3046.26001,3563500
3/26/2021,3044.060059,3056.659912,2996,3052.030029,3052.030029,3312900
3/29/2021,3055.439941,3091.25,3028.449951,3075.72998,3075.72998,2746000
3/30/2021,3070.01001,3073,3034,3055.290039,3055.290039,2337600
3/31/2021,3064.060059,3119.330078,3062.5,3094.080078,3094.080078,3093900
4/1/2021,3117.939941,3162.439941,3115.550049,3161,3161,2940300
4/5/2021,3173,3235.959961,3161.23999,3226.72998,3226.72998,3334900
4/6/2021,3223.75,3247.310059,3217.040039,3223.820068,3223.820068,2537800
4/7/2021,3233.800049,3303.610107,3223.649902,3279.389893,3279.389893,3346200
4/8/2021,3310.899902,3324.5,3292,3299.300049,3299.300049,2812100
4/9/2021,3304.699951,3372.199951,3288.899902,3372.199951,3372.199951,4341500
4/12/2021,3355.209961,3395.040039,3351.149902,3379.389893,3379.389893,3281800
4/13/2021,3400.850098,3432,3395.629883,3400,3400,3315800
4/14/2021,3404.040039,3404.129883,3326,3333,3333,3145200
4/15/2021,3371,3397,3352,3379.090088,3379.090088,3233600
4/16/2021,3380,3406.800049,3355.590088,3399.439941,3399.439941,3186000
4/19/2021,3390.330078,3435.929932,3360.159912,3372.01001,3372.01001,2725400
4/20/2021,3373.600098,3382.98999,3316,3334.689941,3334.689941,2623000
4/21/2021,3316,3362.860107,3303.810059,3362.02002,3362.02002,2211200
4/22/2021,3371.679932,3372.870117,3301.449951,3309.040039,3309.040039,2580600
4/23/2021,3319.100098,3375,3308.5,3340.879883,3340.879883,3192800
4/26/2021,3348,3428.449951,3330.939941,3409,3409,4880700
4/27/2021,3443.469971,3460,3398.01001,3417.429932,3417.429932,3827100
4/28/2021,3434.800049,3489.879883,3425,3458.5,3458.5,4631900
4/29/2021,3505.100098,3514.449951,3435,3471.310059,3471.310059,7682400
4/30/2021,3525.120117,3554,3462.5,3467.419922,3467.419922,7009300
5/3/2021,3484.72998,3486.649902,3372.699951,3386.48999,3386.48999,5875500
5/4/2021,3356.189941,3367.97998,3272.129883,3311.870117,3311.870117,5439400
5/5/2021,3338.860107,3354.699951,3264.360107,3270.540039,3270.540039,3711300
5/6/2021,3270,3314.399902,3247.199951,3306.370117,3306.370117,4447700
5/7/2021,3319.090088,3330.889893,3289.070068,3291.610107,3291.610107,4710300
5/10/2021,3282.320068,3283,3190,3190.48999,3190.48999,5838600
5/11/2021,3136.280029,3238,3127.370117,3223.909912,3223.909912,4619800
5/12/2021,3185,3207.939941,3133.100098,3151.939941,3151.939941,4936400
5/13/2021,3185.469971,3203.840088,3133,3161.469971,3161.469971,3350900
5/14/2021,3185.560059,3228.860107,3183,3222.899902,3222.899902,3325000
5/17/2021,3245.929932,3292.75,3234.590088,3270.389893,3270.389893,3723900
5/18/2021,3292.580078,3312,3230.370117,3232.280029,3232.280029,2828400
5/19/2021,3195,3234.75,3184,3231.800049,3231.800049,2679700
5/20/2021,3244.399902,3259.679932,3236.179932,3247.679932,3247.679932,2633200
5/21/2021,3250,3256.689941,3197.01001,3203.080078,3203.080078,4104900
5/24/2021,3215.5,3257.949951,3210.5,3244.98999,3244.98999,2422800
5/25/2021,3266.669922,3279.820068,3213.76001,3259.050049,3259.050049,3261100
5/26/2021,3274.590088,3295.72998,3258.51001,3265.159912,3265.159912,2384000
5/27/2021,3256,3260.360107,3230.040039,3230.110107,3230.110107,2561200
5/28/2021,3242,3247.98999,3219.699951,3223.070068,3223.070068,2329800
6/1/2021,3243.5,3250.97998,3209.060059,3218.649902,3218.649902,2430000
6/2/2021,3223.100098,3235,3208,3233.98999,3233.98999,2014500
6/3/2021,3204.22998,3214.439941,3184.030029,3187.01001,3187.01001,2398300
6/4/2021,3212,3221,3198.810059,3206.219971,3206.219971,2249700
6/7/2021,3197.330078,3208,3172.199951,3198.01001,3198.01001,2215800
6/8/2021,3222.610107,3279.530029,3218.01001,3264.110107,3264.110107,3416700
6/9/2021,3272.870117,3297.580078,3270.699951,3281.149902,3281.149902,2455500
6/10/2021,3282.01001,3351,3281.149902,3349.649902,3349.649902,3476500
6/11/2021,3349.649902,3366.580078,3333.449951,3346.830078,3346.830078,2817400
6/14/2021,3346.830078,3385,3335.5,3383.870117,3383.870117,2569700
6/15/2021,3384,3396.98999,3363.110107,3383.129883,3383.129883,2426200
6/16/2021,3392,3426.350098,3360.530029,3415.25,3415.25,4202800
6/17/2021,3403.179932,3497.199951,3401,3489.23999,3489.23999,5136500
6/18/2021,3479.98999,3507,3473.709961,3486.899902,3486.899902,5247700
6/21/2021,3476.419922,3482,3434,3453.959961,3453.959961,3277100
6/22/2021,3458.060059,3523.780029,3456.090088,3505.439941,3505.439941,3345100
6/23/2021,3505,3521,3483.199951,3503.820068,3503.820068,2813300
6/24/2021,3507.639893,3524.860107,3430.850098,3449.080078,3449.080078,3832000
6/25/2021,3464,3464.820068,3394.179932,3401.459961,3401.459961,3941000
6/28/2021,3416,3448,3413.51001,3443.889893,3443.889893,2242800
6/29/2021,3438.820068,3456.030029,3423.030029,3448.139893,3448.139893,2098400
6/30/2021,3441.060059,3471.600098,3435,3440.159912,3440.159912,2404000
7/1/2021,3434.610107,3457,3409.419922,3432.969971,3432.969971,2037100
7/2/2021,3451.639893,3511.719971,3436.919922,3510.97998,3510.97998,3169400
7/6/2021,3530.110107,3685.47998,3529,3675.73999,3675.73999,6744800
7/7/2021,3717.379883,3734.199951,3678.909912,3696.580078,3696.580078,5328100
7/8/2021,3643.560059,3759.98999,3621.120117,3731.409912,3731.409912,5180600
7/9/2021,3722.52002,3748,3693.399902,3719.340088,3719.340088,3748200
7/12/2021,3744,3757.290039,3696.790039,3718.550049,3718.550049,2571600
7/13/2021,3702.100098,3773.080078,3671.320068,3677.360107,3677.360107,3845900
7/14/2021,3708.850098,3717.659912,3660.830078,3681.679932,3681.679932,3296600
7/15/2021,3694.199951,3695.399902,3620.919922,3631.199951,3631.199951,3185300
7/16/2021,3633.310059,3646.060059,3570.459961,3573.629883,3573.629883,4043700
7/19/2021,3532.580078,3550.209961,3499.159912,3549.590088,3549.590088,3784600
7/20/2021,3567.320068,3592,3518,3573.189941,3573.189941,3255700
7/21/2021,3576.379883,3586.449951,3543.639893,3585.199951,3585.199951,2319000
7/22/2021,3587.22998,3640.02002,3582.27002,3638.030029,3638.030029,3265400
7/23/2021,3640,3666.110107,3622.040039,3656.639893,3656.639893,2436300
7/26/2021,3673.169922,3712.080078,3647.25,3699.820068,3699.820068,2900100
7/27/2021,3698.5,3698.5,3586.149902,3626.389893,3626.389893,4131900
7/28/2021,3633.780029,3658.419922,3601,3630.320068,3630.320068,2999400
7/29/2021,3627.75,3637.949951,3580.01001,3599.919922,3599.919922,5520000
7/30/2021,3347.949951,3368.139893,3306.97998,3327.590088,3327.590088,9965600
8/2/2021,3353.100098,3358.919922,3317,3331.47998,3331.47998,3353900
8/3/2021,3340.719971,3391,3299.77002,3366.23999,3366.23999,4157300
8/4/2021,3379.350098,3388.879883,3345.560059,3354.719971,3354.719971,2183900
8/5/2021,3356.219971,3389,3340.919922,3375.98999,3375.98999,2433500
8/6/2021,3375,3375,3329.040039,3344.939941,3344.939941,2637600
8/9/2021,3343.610107,3354.879883,3328.52002,3341.870117,3341.870117,2148200
8/10/2021,3345.01001,3358,3315,3320.679932,3320.679932,2412600
8/11/2021,3331.449951,3337.699951,3277.790039,3292.110107,3292.110107,2947200
8/12/2021,3290,3314.51001,3269.669922,3303.5,3303.5,2314100
8/13/2021,3305.669922,3306.070068,3283,3293.969971,3293.969971,2056700
8/16/2021,3283,3300,3211.129883,3298.98999,3298.98999,3319700
8/17/2021,3277.5,3280.48999,3225.679932,3241.959961,3241.959961,3387900
8/18/2021,3241.98999,3254.100098,3200,3201.219971,3201.219971,2804300
8/19/2021,3194.02002,3233,3182.459961,3187.75,3187.75,3782900
8/20/2021,3203.870117,3207.810059,3175.76001,3199.949951,3199.949951,3358400
8/23/2021,3211.899902,3280.899902,3210.01001,3265.870117,3265.870117,3268100
8/24/2021,3280,3315.48999,3274.580078,3305.780029,3305.780029,2551800
8/25/2021,3309.870117,3321,3286.149902,3299.179932,3299.179932,1680300
8/26/2021,3299,3332,3296,3316,3316,2098800
8/27/2021,3333.22998,3352.320068,3313.75,3349.629883,3349.629883,2402400
8/30/2021,3357.429932,3445,3355.219971,3421.570068,3421.570068,3192200
8/31/2021,3424.800049,3472.580078,3395.590088,3470.790039,3470.790039,4356400
9/1/2021,3496.399902,3527,3475.23999,3479,3479,3629900
9/2/2021,3494.76001,3511.959961,3455,3463.120117,3463.120117,2923700
9/3/2021,3452,3482.669922,3436.439941,3478.050049,3478.050049,2575700
9/7/2021,3478,3528.090088,3476.939941,3509.290039,3509.290039,2737900
9/8/2021,3511.649902,3545.629883,3495.669922,3525.5,3525.5,3053400
9/9/2021,3526.02002,3549.98999,3480.370117,3484.159912,3484.159912,2719200
9/10/2021,3501.830078,3508.449951,3462.909912,3469.149902,3469.149902,2397300
9/13/2021,3482.800049,3497.959961,3438,3457.169922,3457.169922,2569000
9/14/2021,3475.550049,3486.810059,3437.709961,3450,3450,1936900
9/15/2021,3442.52002,3485.419922,3402.01001,3475.790039,3475.790039,2957500
9/16/2021,3459.959961,3492.550049,3446.139893,3488.23999,3488.23999,2583600
9/17/2021,3488.409912,3497.409912,3452.129883,3462.52002,3462.52002,4616600
9/20/2021,3396,3419,3305.01001,3355.72998,3355.72998,4669100
9/21/2021,3375,3379.699951,3332.389893,3343.629883,3343.629883,2780900
9/22/2021,3351,3389,3341.050049,3380.050049,3380.050049,2411400
9/23/2021,3380.050049,3428.959961,3380.050049,3416,3416,2379400
9/24/2021,3402.01001,3429.26001,3393.399902,3425.52002,3425.52002,2116200
9/27/2021,3371.5,3415.570068,3339.610107,3405.800049,3405.800049,3634500
9/28/2021,3357.709961,3369.189941,3290.100098,3315.959961,3315.959961,4430800
9/29/2021,3322.110107,3351.300049,3297.870117,3301.120117,3301.120117,2562300
9/30/2021,3316,3327.850098,3273.98999,3285.040039,3285.040039,2842400
10/1/2021,3289.01001,3309.169922,3255.939941,3283.26001,3283.26001,2835600
10/4/2021,3279.389893,3279.98999,3176.25,3189.780029,3189.780029,4523100
10/5/2021,3204.5,3260.72998,3202.459961,3221,3221,3269200
10/6/2021,3213.530029,3264.340088,3198.620117,3262.01001,3262.01001,2533000
10/7/2021,3291.540039,3325.75,3283.060059,3302.429932,3302.429932,2409100
10/8/2021,3317,3321.429932,3288.199951,3288.620117,3288.620117,1998200
10/11/2021,3275,3292.590088,3238.100098,3246.300049,3246.300049,2034200
10/12/2021,3257,3267.530029,3236.280029,3247.330078,3247.330078,1819600
10/13/2021,3269.709961,3288.379883,3261.090088,3284.280029,3284.280029,2420100
10/14/2021,3302.449951,3312.600098,3290.780029,3299.860107,3299.860107,2109500
10/15/2021,3311.419922,3410.419922,3304,3409.02002,3409.02002,5179900
10/18/2021,3388.360107,3449.169922,3385.100098,3446.73999,3446.73999,3174100
10/19/2021,3434.290039,3454.689941,3422,3444.149902,3444.149902,2386100
10/20/2021,3452.659912,3462.860107,3400.370117,3415.060059,3415.060059,2139800
10/21/2021,3414.25,3440.280029,3403,3435.01001,3435.01001,1881400
10/22/2021,3421,3429.840088,3331.300049,3335.550049,3335.550049,3139100
10/25/2021,3335,3347.800049,3297.699951,3320.370117,3320.370117,2226000
10/26/2021,3349.51001,3416.120117,3343.97998,3376.070068,3376.070068,2698300
10/27/2021,3388,3437,3371.449951,3392.48999,3392.48999,2702200
10/28/2021,3402.100098,3479,3386,3446.570068,3446.570068,5708700
10/29/2021,3300.02002,3374.820068,3273.320068,3372.429932,3372.429932,6486100
11/1/2021,3361.800049,3375.860107,3292.02002,3318.110107,3318.110107,3608900
11/2/2021,3315.01001,3331.120117,3283.550049,3312.75,3312.75,2627600
11/3/2021,3309,3394.919922,3297.52002,3384,3384,3397200
11/4/2021,3370,3498.629883,3365,3477,3477,5353000
11/5/2021,3477,3566.25,3476.97998,3518.98999,3518.98999,4997000
11/8/2021,3523.23999,3579,3487.860107,3488.97998,3488.97998,3074000
11/9/2021,3515.25,3593.77002,3501.429932,3576.22998,3576.22998,4294900
11/10/2021,3563.870117,3605.449951,3463.090088,3482.050049,3482.050049,4027400
11/11/2021,3513,3543.23999,3467.469971,3472.5,3472.5,2264400
11/12/2021,3485,3540.72998,3447.050049,3525.149902,3525.149902,2689400
11/15/2021,3537,3593.879883,3525.810059,3545.679932,3545.679932,2929700
11/16/2021,3539,3576.5,3525.149902,3540.699951,3540.699951,2217100
11/17/2021,3564.719971,3587.25,3545.350098,3549,3549,2560300
11/18/2021,3566.350098,3704.199951,3561,3696.060059,3696.060059,5703500
11/19/2021,3712.689941,3762.149902,3675.719971,3676.570068,3676.570068,4936700
11/22/2021,3676.379883,3713.459961,3567.5,3572.570068,3572.570068,4842200
11/23/2021,3585.040039,3621.050049,3527.709961,3580.040039,3580.040039,3690200
11/24/2021,3562.669922,3613.639893,3536.850098,3580.409912,3580.409912,2328000
11/26/2021,3602.100098,3633.5,3504.149902,3504.560059,3504.560059,2991300
11/29/2021,3547.639893,3596,3531.5,3561.570068,3561.570068,3265600
11/30/2021,3563.5,3585.77002,3492.01001,3507.070068,3507.070068,4001100
12/1/2021,3545,3559.879883,3441.600098,3443.719971,3443.719971,3745800
12/2/2021,3460,3492.699951,3423.75,3437.360107,3437.360107,3236300
12/3/2021,3455,3469.870117,3338.600098,3389.790039,3389.790039,4035600
12/6/2021,3393,3473.909912,3338.689941,3427.370117,3427.370117,3443000
12/7/2021,3492,3549.98999,3466.689941,3523.290039,3523.290039,3320500
12/8/2021,3523.01001,3543.600098,3495.01001,3523.159912,3523.159912,2262700
12/9/2021,3515,3539.389893,3482.790039,3483.419922,3483.419922,2303100
12/10/2021,3508.340088,3518.540039,3410,3444.23999,3444.23999,3034500
12/13/2021,3440,3442,3382.600098,3391.350098,3391.350098,3108500
12/14/2021,3351,3389.97998,3328.800049,3381.830078,3381.830078,2798800
12/15/2021,3371.959961,3472,3303.899902,3466.300049,3466.300049,3789700
12/16/2021,3467.370117,3483.320068,3363.209961,3377.419922,3377.419922,3043800
12/17/2021,3354.209961,3417.969971,3312.27002,3400.350098,3400.350098,4277100
12/20/2021,3337,3357.48999,3312,3341.580078,3341.580078,2868600
12/21/2021,3357.01001,3414.330078,3312.949951,3408.340088,3408.340088,2797800
12/22/2021,3385.399902,3441,3370.01001,3420.73999,3420.73999,2751800
12/23/2021,3408.560059,3439.5,3403,3421.370117,3421.370117,1839400
12/27/2021,3420.73999,3458.860107,3384.310059,3393.389893,3393.389893,2934400
12/28/2021,3403.649902,3443.52002,3382.709961,3413.219971,3413.219971,2731900
12/29/2021,3416.800049,3424.23999,3372.01001,3384.02002,3384.02002,1787700
12/30/2021,3394,3417.76001,3370.47998,3372.889893,3372.889893,1879200
12/31/2021,3379.120117,3387,3331.169922,3334.340088,3334.340088,2391500
1/3/2022,3351,3414.070068,3323.209961,3408.090088,3408.090088,3176000
1/4/2022,3408.76001,3428,3326.98999,3350.439941,3350.439941,3536300
1/5/2022,3337.659912,3342.530029,3287.139893,3287.139893,3287.139893,3215100
1/6/2022,3269.01001,3296,3238.73999,3265.080078,3265.080078,2597900
1/7/2022,3276.780029,3304.870117,3240.620117,3251.080078,3251.080078,2330300
1/10/2022,3211.709961,3233.22998,3126.090088,3229.719971,3229.719971,4389900
1/11/2022,3230,3327,3214.030029,3307.23999,3307.23999,3140300
1/12/2022,3331.5,3337.560059,3288.340088,3304.139893,3304.139893,2501500
1/13/2022,3305.01001,3324.429932,3221.820068,3224.280029,3224.280029,2609400
1/14/2022,3203,3245,3196.01001,3242.76001,3242.76001,2298700
1/18/2022,3182.100098,3194.689941,3153.290039,3178.350098,3178.350098,3364600
1/19/2022,3175.23999,3185,3125,3125.97998,3125.97998,2662100
1/20/2022,3135.320068,3160,3027.02002,3033.350098,3033.350098,3598700
1/21/2022,2999,3018,2841.409912,2852.860107,2852.860107,8198600
1/24/2022,2780,2898.899902,2707.040039,2890.879883,2890.879883,7781200
1/25/2022,2844.850098,2872,2762.899902,2799.719971,2799.719971,4541200
1/26/2022,2895,2903.699951,2746.370117,2777.449951,2777.449951,4780100
1/27/2022,2816,2884.870117,2787,2792.75,2792.75,3875800
1/28/2022,2817.209961,2879.959961,2758.590088,2879.560059,2879.560059,3719600
1/31/2022,2895,3007.209961,2886.01001,2991.469971,2991.469971,3915400
2/1/2022,3000,3034.159912,2952.550049,3023.870117,3023.870117,2961000
2/2/2022,3101.01001,3101.5,2977.27002,3012.25,3012.25,4366500
2/3/2022,2834.75,2884.949951,2766.659912,2776.909912,2776.909912,11276600
2/4/2022,3112.129883,3224,3012.159912,3152.790039,3152.790039,12672800
2/7/2022,3170.399902,3253.820068,3145,3158.709961,3158.709961,5131200
2/8/2022,3135.01001,3235.850098,3111.01001,3228.27002,3228.27002,3802000
2/9/2022,3257.469971,3276.689941,3205,3223.790039,3223.790039,3439300
2/10/2022,3167,3214.330078,3155,3180.070068,3180.070068,3413400
2/11/2022,3162.689941,3180,3054.679932,3065.870117,3065.870117,3855000
2/14/2022,3035.02002,3168.969971,3033,3103.340088,3103.340088,4161500
2/15/2022,3152.110107,3160.139893,3092.75,3130.209961,3130.209961,2822000
2/16/2022,3115.810059,3176.679932,3094.689941,3162.01001,3162.01001,2635200
2/17/2022,3162.919922,3206.97998,3090,3093.050049,3093.050049,3201600
2/18/2022,3109.98999,3109.98999,3017.860107,3052.030029,3052.030029,3180200
2/22/2022,3009.570068,3059.649902,2969.709961,3003.949951,3003.949951,3306400
2/23/2022,3033.01001,3035.26001,2893.02002,2896.540039,2896.540039,3212200
2/24/2022,2796.75,3034.97998,2790,3027.159912,3027.159912,5039300
2/25/2022,3011,3079.800049,2984.27002,3075.77002,3075.77002,3119800
2/28/2022,3048.5,3089,3017,3071.26001,3071.26001,2884200
3/1/2022,3054.649902,3081.97998,2999.540039,3022.840088,3022.840088,2243700
3/2/2022,3016.97998,3059.98999,2975,3041.050049,3041.050049,2366700
3/3/2022,3070.629883,3078.580078,2937.120117,2957.969971,2957.969971,3259900
3/4/2022,2943.179932,2957,2876.139893,2912.820068,2912.820068,3046700
3/7/2022,2908.870117,2921.889893,2748.330078,2749.060059,2749.060059,4346700
3/8/2022,2733.669922,2813.98999,2671.449951,2720.290039,2720.290039,4583100
3/9/2022,2790,2805,2736.560059,2785.580078,2785.580078,4132800
3/10/2022,2913.699951,2973.48999,2879.560059,2936.350098,2936.350098,6753100
3/11/2022,2991.48999,2993.5,2907.379883,2910.48999,2910.48999,3445000
3/14/2022,2919.620117,2949,2817.679932,2837.060059,2837.060059,3704300
3/15/2022,2857,2959.699951,2840,2947.330078,2947.330078,3779200
3/16/2022,2970,3063,2947.070068,3062.080078,3062.080078,4247900
3/17/2022,3052.810059,3149.969971,3042.800049,3144.780029,3144.780029,3646700
3/18/2022,3136.26001,3231.879883,3120.219971,3225.01001,3225.01001,5148100
3/21/2022,3222.419922,3261.679932,3191.060059,3229.830078,3229.830078,3326900
3/22/2022,3236.110107,3323.340088,3233.97998,3297.780029,3297.780029,3204300
3/23/2022,3274.100098,3327.399902,3253.73999,3268.159912,3268.159912,2790600
3/24/2022,3274.98999,3282.370117,3201,3272.98999,3272.98999,2839900
3/25/2022,3280,3307.370117,3245,3295.469971,3295.469971,2451600
3/28/2022,3299.5,3380.75,3298,3379.810059,3379.810059,2992700
3/29/2022,3407.679932,3416.629883,3357.370117,3386.300049,3386.300049,3307700
3/30/2022,3370.189941,3379.01001,3310,3326.02002,3326.02002,2808400
3/31/2022,3328.899902,3329.899902,3259.070068,3259.949951,3259.949951,2998300
4/1/2022,3282.98999,3316.540039,3246.389893,3271.199951,3271.199951,2854500
4/4/2022,3282.5,3367.889893,3264.110107,3366.929932,3366.929932,2494100
4/5/2022,3354.830078,3362.209961,3265.320068,3281.100098,3281.100098,2686400
4/6/2022,3233.01001,3244,3145.090088,3175.120117,3175.120117,3952800
4/7/2022,3168,3201.580078,3090.22998,3155.689941,3155.689941,3406800
4/8/2022,3135,3147.370117,3084.620117,3089.209961,3089.209961,2300100
4/11/2022,3054.26001,3082.72998,3010.689941,3022.439941,3022.439941,2605600
4/12/2022,3073.850098,3101.97998,3007.659912,3015.75,3015.75,2758900
4/13/2022,3000.370117,3120.5,2992,3110.820068,3110.820068,2669500
4/14/2022,3107.800049,3117.939941,3029.439941,3034.129883,3034.129883,2579900
