date,giadieuchinh,close,thaydoi,volumn,gtkhoplenh,klthoathuan,gtthoathuan,giathamchieu,open,max,min,adj
2018-01-02,8.04,10.6,-0.20 (-1.85 %),1100,11480000,0,0,10.8,10.3,10.6,10.3,8.17
2018-01-03,8.02,10.4,0.00 (0.00 %),0,0,0,0,10.4,10.4,10.4,10.4,8.02
2018-01-04,8.02,10.4,0.00 (0.00 %),0,0,0,0,10.4,10.4,10.4,10.4,8.02
2018-01-05,7.86,10.9,0.50 (4.81 %),200,2040000,0,0,10.4,9.5,10.9,9.5,8.4
2018-01-08,7.86,10.2,0.00 (0.00 %),0,0,0,0,10.2,10.2,10.2,10.2,7.86
2018-01-09,7.86,10.2,0.00 (0.00 %),0,0,0,0,10.2,10.2,10.2,10.2,7.86
2018-01-10,7.86,10.2,0.00 (0.00 %),0,0,0,0,10.2,10.2,10.2,10.2,7.86
2018-01-11,7.92,10.3,0.10 (0.98 %),3600,37000000,0,0,10.2,10.3,10.3,10.2,7.94
2018-01-12,7.94,10.3,0.00 (0.00 %),500,5150000,0,0,10.3,10.3,10.3,10.3,7.94
2018-01-15,7.94,10.3,0.00 (0.00 %),0,0,0,0,10.3,10.3,10.3,10.3,7.94
2018-01-16,7.94,10.3,0.00 (0.00 %),0,0,0,0,10.3,10.3,10.3,10.3,7.94
2018-01-17,8.4,10.9,0.60 (5.83 %),400,4360000,0,0,10.3,10.9,10.9,10.9,8.4
2018-01-18,8.09,10.5,-0.40 (-3.67 %),1000,10500000,0,0,10.9,10.5,10.5,10.5,8.09
2018-01-19,8.09,10.5,0.00 (0.00 %),200,2100000,0,0,10.5,10.5,10.5,10.5,8.09
2018-01-22,8.09,10.5,0.00 (0.00 %),0,0,0,0,10.5,10.5,10.5,10.5,8.09
2018-01-23,8.09,10.5,0.00 (0.00 %),400,4200000,0,0,10.5,10.5,10.5,10.5,8.09
2018-01-24,8.09,10.5,0.00 (0.00 %),1100,11550000,0,0,10.5,10.5,10.5,10.5,8.09
2018-01-25,8.09,10.5,0.00 (0.00 %),0,0,0,0,10.5,10.5,10.5,10.5,8.09
2018-01-26,8.09,10.5,0.00 (0.00 %),0,0,0,0,10.5,10.5,10.5,10.5,8.09
2018-01-29,7.93,10.5,0.00 (0.00 %),9000,92540000,0,0,10.5,10.1,10.5,10,8.09
2018-01-30,7.94,10.3,0.00 (0.00 %),0,0,0,0,10.3,10.3,10.3,10.3,7.94
2018-01-31,7.94,10.3,0.00 (0.00 %),0,0,0,0,10.3,10.3,10.3,10.3,7.94
2018-02-01,8.48,11,0.70 (6.80 %),100,1100000,0,0,10.3,11,11,11,8.48
2018-02-02,8.48,11,0.00 (0.00 %),0,0,0,0,11,11,11,11,8.48
2018-02-05,7.79,10.1,-0.90 (-8.18 %),1000,10100000,0,0,11,10.1,10.1,10.1,7.79
2018-02-06,7.79,10.1,0.00 (0.00 %),0,0,0,0,10.1,10.1,10.1,10.1,7.79
2018-02-07,7.79,10.1,0.00 (0.00 %),0,0,0,0,10.1,10.1,10.1,10.1,7.79
2018-02-08,7.79,10.1,0.00 (0.00 %),40,344000,0,0,10.1,10.1,10.1,10.1,7.79
2018-02-09,8.86,11.5,1.40 (13.86 %),100,1150000,0,0,10.1,11.5,11.5,11.5,8.86
2018-02-12,8.86,11.5,0.00 (0.00 %),0,0,0,0,11.5,11.5,11.5,11.5,8.86
2018-02-13,8.32,10.8,-0.70 (-6.09 %),2000,21600000,0,0,11.5,10.8,10.8,10.8,8.32
2018-02-21,8.56,11.1,0.30 (2.78 %),200,2220000,0,0,10.8,11.1,11.1,11.1,8.56
2018-02-22,8.32,10.8,-0.30 (-2.70 %),10040,108508000,0,0,11.1,10.8,10.8,10.8,8.32
2018-02-23,8.32,10.8,0.00 (0.00 %),2000,21600000,0,0,10.8,10.8,10.8,10.8,8.32
2018-02-26,8.4,10.9,0.10 (0.93 %),300,3270000,0,0,10.8,10.9,10.9,10.9,8.4
2018-02-27,8.4,10.9,0.00 (0.00 %),0,0,0,0,10.9,10.9,10.9,10.9,8.4
2018-02-28,8.35,10.9,0.00 (0.00 %),3300,35740000,0,0,10.9,10.8,10.9,10.8,8.4
2018-03-01,8.6,11,0.20 (1.85 %),1500,16740000,0,0,10.8,12.3,12.3,10.9,8.48
2018-03-02,8.77,11.5,0.30 (2.68 %),3300,37560000,0,0,11.2,11.2,11.5,11.2,8.86
2018-03-05,8.78,11.1,-0.30 (-2.63 %),15800,179910000,0,0,11.4,11.5,11.5,11.1,8.56
2018-03-06,8.86,11.5,0.10 (0.88 %),1400,16100000,0,0,11.4,11.5,11.5,11.5,8.86
2018-03-07,8.84,11.5,0.00 (0.00 %),2500,28670000,0,0,11.5,11.1,11.5,11.1,8.86
2018-03-08,9.21,12,0.50 (4.35 %),14800,176800000,0,0,11.5,11.5,12,11.5,9.25
2018-03-09,9.1,11.6,-0.30 (-2.52 %),200,2360000,0,0,11.9,12,12,11.6,8.94
2018-03-12,9.1,11.8,0.00 (0.00 %),0,0,0,0,11.8,11.8,11.8,11.8,9.1
2018-03-13,8.87,11.2,-0.60 (-5.08 %),19100,219670000,0,0,11.8,11.2,11.9,11.2,8.63
2018-03-14,8.48,11,-0.50 (-4.35 %),100,1100000,0,0,11.5,11,11,11,8.48
2018-03-15,8.25,10.7,-0.30 (-2.73 %),100,1070000,0,0,11,10.7,10.7,10.7,8.25
2018-03-16,8.25,10.7,0.00 (0.00 %),1000,10700000,0,0,10.7,10.7,10.7,10.7,8.25
2018-03-19,8.25,10.7,0.00 (0.00 %),0,0,0,0,10.7,10.7,10.7,10.7,8.25
2018-03-20,8.9,11.9,1.20 (11.21 %),4100,47350000,0,0,10.7,11,11.9,11,9.17
2018-03-21,8.71,11.3,-0.20 (-1.74 %),1000,11300000,0,0,11.5,11.3,11.3,11.3,8.71
2018-03-22,8.71,11.3,0.00 (0.00 %),0,0,0,0,11.3,11.3,11.3,11.3,8.71
2018-03-23,8.17,11.5,0.20 (1.77 %),200,2120000,0,0,11.3,9.7,11.5,9.7,8.86
2018-03-26,8.17,10.6,0.00 (0.00 %),0,0,0,0,10.6,10.6,10.6,10.6,8.17
2018-03-27,8.17,10.6,0.00 (0.00 %),0,0,0,0,10.6,10.6,10.6,10.6,8.17
2018-03-28,8.67,11.5,0.90 (8.49 %),4000,45000000,0,0,10.6,11,11.5,11,8.86
2018-03-29,8.71,11.3,0.00 (0.00 %),0,0,0,0,11.3,11.3,11.3,11.3,8.71
2018-03-30,9.07,12,0.70 (6.19 %),300,3530000,0,0,11.3,11.5,12,11.5,9.25
2018-04-02,8.49,11,-0.80 (-6.78 %),4800,52880000,0,0,11.8,11.8,11.8,11,8.48
2018-04-03,9.21,12,1.00 (9.09 %),200,2390000,0,0,11,11.9,12,11.9,9.25
2018-04-04,9.25,12,0.00 (0.00 %),1200,14400000,0,0,12,12,12,12,9.25
2018-04-05,10.36,13.8,1.80 (15.00 %),48500,651670000,0,0,12,12,13.8,12,10.64
2018-04-06,10.87,14.1,0.70 (5.22 %),100,1410000,0,0,13.4,14.1,14.1,14.1,10.87
2018-04-09,10.87,14.1,0.00 (0.00 %),2700,38070000,0,0,14.1,14.1,14.1,14.1,10.87
2018-04-10,10.75,14.1,0.00 (0.00 %),200,2790000,0,0,14.1,13.8,14.1,13.8,10.87
2018-04-11,10.71,13.9,-0.10 (-0.71 %),2400,33360000,0,0,14,13.9,13.9,13.9,10.71
2018-04-12,10.42,13.5,-0.40 (-2.88 %),1700,22970000,0,0,13.9,13.5,13.7,13.5,10.41
2018-04-13,10.41,13.5,0.00 (0.00 %),0,0,0,0,13.5,13.5,13.5,13.5,10.41
2018-04-16,10.41,13.5,0.00 (0.00 %),0,0,0,0,13.5,13.5,13.5,13.5,10.41
2018-04-17,11.18,14.5,1.00 (7.41 %),300,4350000,0,0,13.5,14.5,14.5,14.5,11.18
2018-04-18,11.18,14.5,0.00 (0.00 %),0,0,0,0,14.5,14.5,14.5,14.5,11.18
2018-04-19,10.48,13.5,-1.00 (-6.90 %),1100,14950000,0,0,14.5,14.5,14.5,13.5,10.41
2018-04-20,10.41,13.5,-0.10 (-0.74 %),400,5400000,0,0,13.6,13.5,13.5,13.5,10.41
2018-04-23,10.41,13.5,0.00 (0.00 %),0,0,0,0,13.5,13.5,13.5,13.5,10.41
2018-04-24,10.41,13.5,0.00 (0.00 %),0,0,0,0,13.5,13.5,13.5,13.5,10.41
2018-04-26,9.64,12.5,-1.00 (-7.41 %),100,1250000,0,0,13.5,12.5,12.5,12.5,9.64
2018-04-27,9.64,12.5,0.00 (0.00 %),0,0,0,0,12.5,12.5,12.5,12.5,9.64
2018-05-02,9.64,12.5,0.00 (0.00 %),0,0,0,0,12.5,12.5,12.5,12.5,9.64
2018-05-03,9.64,12.5,0.00 (0.00 %),0,0,0,0,12.5,12.5,12.5,12.5,9.64
2018-05-04,9.64,12.5,0.00 (0.00 %),200,2500000,0,0,12.5,12.5,12.5,12.5,9.64
2018-05-07,9.64,12.5,0.00 (0.00 %),100,1250000,0,0,12.5,12.5,12.5,12.5,9.64
2018-05-08,9.64,12.5,0.00 (0.00 %),500,6250000,0,0,12.5,12.5,12.5,12.5,9.64
2018-05-09,9.64,12.5,0.00 (0.00 %),0,0,0,0,12.5,12.5,12.5,12.5,9.64
2018-05-10,9.64,12.5,0.00 (0.00 %),0,0,0,0,12.5,12.5,12.5,12.5,9.64
2018-05-11,9.64,12.5,0.00 (0.00 %),0,0,0,0,12.5,12.5,12.5,12.5,9.64
2018-05-14,9.4,12.2,-0.30 (-2.40 %),200,2440000,0,0,12.5,12.2,12.2,12.2,9.4
2018-05-15,10.1,12.3,0.10 (0.82 %),300,3930000,0,0,12.2,13.5,13.5,12.3,9.48
2018-05-16,10.41,13.5,0.40 (3.05 %),400,5400000,0,0,13.1,13.5,13.5,13.5,10.41
2018-05-17,10.41,13.5,0.00 (0.00 %),0,0,0,0,13.5,13.5,13.5,13.5,10.41
2018-05-18,10.41,13.5,0.00 (0.00 %),0,0,0,0,13.5,13.5,13.5,13.5,10.41
2018-05-21,10.41,13.5,0.00 (0.00 %),0,0,0,0,13.5,13.5,13.5,13.5,10.41
2018-05-22,10.41,13.5,0.00 (0.00 %),0,0,0,0,13.5,13.5,13.5,13.5,10.41
2018-05-23,10.41,13.5,0.00 (0.00 %),0,0,0,0,13.5,13.5,13.5,13.5,10.41
2018-05-24,9.37,12.1,-1.40 (-10.37 %),200,2430000,0,0,13.5,12.2,12.2,12.1,9.33
2018-05-25,9.4,12.2,0.00 (0.00 %),0,0,0,0,12.2,12.2,12.2,12.2,9.4
2018-05-28,10.02,13,0.80 (6.56 %),100,1300000,0,0,12.2,13,13,13,10.02
2018-05-29,10.02,13,0.00 (0.00 %),0,0,0,0,13,13,13,13,10.02
2018-05-30,10.02,13,0.00 (0.00 %),0,0,0,0,13,13,13,13,10.02
2018-05-31,10.02,13,0.00 (0.00 %),0,0,0,0,13,13,13,13,10.02
2018-06-01,10.02,13,0.00 (0.00 %),0,0,0,0,13,13,13,13,10.02
2018-06-04,10.02,13,0.00 (0.00 %),0,0,0,0,13,13,13,13,10.02
2018-06-05,10.02,13,0.00 (0.00 %),0,0,0,0,13,13,13,13,10.02
2018-06-06,9.25,12,-1.00 (-7.69 %),200,2400000,0,0,13,12,12,12,9.25
2018-06-07,9.27,12,0.00 (0.00 %),6100,73380000,0,0,12,13.7,13.7,12,9.25
2018-06-08,9.25,12,0.00 (0.00 %),3000,36000000,0,0,12,12,12,12,9.25
2018-06-11,9.25,11.1,0.00 (0.00 %),0,0,0,0,11.1,11.1,11.1,11.1,9.25
2018-06-12,10.5,12.6,1.50 (13.51 %),100,1260000,0,0,11.1,12.6,12.6,12.6,10.5
2018-06-13,10.5,12.6,0.00 (0.00 %),0,0,0,0,12.6,12.6,12.6,12.6,10.5
2018-06-14,10.5,12.6,0.00 (0.00 %),0,0,0,0,12.6,12.6,12.6,12.6,10.5
2018-06-15,10.5,12.6,0.00 (0.00 %),0,0,0,0,12.6,12.6,12.6,12.6,10.5
2018-06-18,10.5,12.6,0.00 (0.00 %),0,0,0,0,12.6,12.6,12.6,12.6,10.5
2018-06-19,10.5,12.6,0.00 (0.00 %),0,0,0,0,12.6,12.6,12.6,12.6,10.5
2018-06-20,10.5,12.6,0.00 (0.00 %),0,0,0,0,12.6,12.6,12.6,12.6,10.5
2018-06-21,10.5,12.6,0.00 (0.00 %),0,0,0,0,12.6,12.6,12.6,12.6,10.5
2018-06-22,10.5,12.6,0.00 (0.00 %),0,0,0,0,12.6,12.6,12.6,12.6,10.5
2018-06-25,10.5,12.6,0.00 (0.00 %),0,0,0,0,12.6,12.6,12.6,12.6,10.5
2018-06-26,10.5,12.6,0.00 (0.00 %),0,0,0,0,12.6,12.6,12.6,12.6,10.5
2018-06-27,10.5,12.6,0.00 (0.00 %),0,0,0,0,12.6,12.6,12.6,12.6,10.5
2018-06-28,10.5,12.6,0.00 (0.00 %),0,0,0,0,12.6,12.6,12.6,12.6,10.5
2018-06-29,10.5,12.6,0.00 (0.00 %),0,0,0,0,12.6,12.6,12.6,12.6,10.5
2018-07-02,10.5,12.6,0.00 (0.00 %),0,0,0,0,12.6,12.6,12.6,12.6,10.5
2018-07-03,10.5,12.6,0.00 (0.00 %),0,0,0,0,12.6,12.6,12.6,12.6,10.5
2018-07-04,10.5,12.6,0.00 (0.00 %),0,0,0,0,12.6,12.6,12.6,12.6,10.5
2018-07-05,10.5,12.6,0.00 (0.00 %),0,0,0,0,12.6,12.6,12.6,12.6,10.5
2018-07-06,9.67,11.6,-1.00 (-7.94 %),100,1160000,0,0,12.6,11.6,11.6,11.6,9.67
2018-07-09,9.67,11.6,0.00 (0.00 %),0,0,0,0,11.6,11.6,11.6,11.6,9.67
2018-07-10,9.67,11.6,0.00 (0.00 %),0,0,0,0,11.6,11.6,11.6,11.6,9.67
2018-07-11,9.67,11.6,0.00 (0.00 %),0,0,0,0,11.6,11.6,11.6,11.6,9.67
2018-07-12,9.58,11.5,-0.10 (-0.86 %),1000,11500000,0,0,11.6,11.5,11.5,11.5,9.58
2018-07-13,9.58,11.5,0.00 (0.00 %),0,0,0,0,11.5,11.5,11.5,11.5,9.58
2018-07-16,9.58,11.5,0.00 (0.00 %),0,0,0,0,11.5,11.5,11.5,11.5,9.58
2018-07-17,9.58,11.5,0.00 (0.00 %),0,0,0,0,11.5,11.5,11.5,11.5,9.58
2018-07-18,9.58,11.5,0.00 (0.00 %),0,0,0,0,11.5,11.5,11.5,11.5,9.58
2018-07-19,9.58,11.5,0.00 (0.00 %),0,0,0,0,11.5,11.5,11.5,11.5,9.58
2018-07-20,9.33,11.2,-0.30 (-2.61 %),400,4480000,0,0,11.5,11.2,11.2,11.2,9.33
2018-07-23,10.62,12.8,1.60 (14.29 %),200,2550000,0,0,11.2,12.7,12.8,12.7,10.67
2018-07-24,10.83,13,0.20 (1.56 %),500,6500000,0,0,12.8,13,13,13,10.83
2018-07-25,10.83,13,0.00 (0.00 %),0,0,0,0,13,13,13,13,10.83
2018-07-26,10.83,13,0.00 (0.00 %),0,0,0,0,13,13,13,13,10.83
2018-07-27,9.58,11.5,-1.50 (-11.54 %),1400,16100000,0,0,13,11.5,11.5,11.5,9.58
2018-07-30,10.92,13.1,1.60 (13.91 %),100,1310000,0,0,11.5,13.1,13.1,13.1,10.92
2018-07-31,10.92,13.1,0.00 (0.00 %),0,0,0,0,13.1,13.1,13.1,13.1,10.92
2018-08-01,9.67,11.6,-1.50 (-11.45 %),800,9280000,0,0,13.1,11.6,11.6,11.6,9.67
2018-08-02,10.58,12.7,1.10 (9.48 %),1500,19040000,0,0,11.6,12.7,12.7,12.6,10.58
2018-08-03,10.58,12.7,0.00 (0.00 %),0,0,0,0,12.7,12.7,12.7,12.7,10.58
2018-08-06,10.58,12.7,0.00 (0.00 %),0,0,0,0,12.7,12.7,12.7,12.7,10.58
2018-08-07,10.58,12.7,0.00 (0.00 %),0,0,0,0,12.7,12.7,12.7,12.7,10.58
2018-08-08,9.75,11.7,-1.00 (-7.87 %),100,1170000,0,0,12.7,11.7,11.7,11.7,9.75
2018-08-09,9.75,11.7,0.00 (0.00 %),0,0,0,0,11.7,11.7,11.7,11.7,9.75
2018-08-10,9.75,11.7,0.00 (0.00 %),0,0,"2,000","23,400,000",11.7,11.7,11.7,11.7,9.75
2018-08-13,9.75,11.7,0.00 (0.00 %),2000,23400000,0,0,11.7,11.7,11.7,11.7,9.75
2018-08-15,9.75,11.7,0.00 (0.00 %),0,0,0,0,11.7,11.7,11.7,11.7,9.75
2018-08-16,9.75,11.7,0.00 (0.00 %),0,0,0,0,11.7,11.7,11.7,11.7,9.75
2018-08-17,9.75,11.7,0.00 (0.00 %),0,0,0,0,11.7,11.7,11.7,11.7,9.75
2018-08-20,9.75,11.7,0.00 (0.00 %),0,0,0,0,11.7,11.7,11.7,11.7,9.75
2018-08-21,9.97,12,0.30 (2.56 %),300,3590000,0,0,11.7,11.9,12,11.9,10
2018-08-22,10,12,0.00 (0.00 %),0,0,0,0,12,12,12,12,10
2018-08-23,10,12,0.00 (0.00 %),0,0,0,0,12,12,12,12,10
2018-08-24,10,12,0.00 (0.00 %),0,0,0,0,12,12,12,12,10
2018-08-27,9.67,11.6,-0.40 (-3.33 %),500,5800000,0,0,12,11.6,11.6,11.6,9.67
2018-08-28,9.67,11.6,0.00 (0.00 %),500,5800000,0,0,11.6,11.6,11.6,11.6,9.67
2018-08-29,9.67,11.6,0.00 (0.00 %),1400,16240000,0,0,11.6,11.6,11.6,11.6,9.67
2018-08-30,9.67,11.6,0.00 (0.00 %),0,0,0,0,11.6,11.6,11.6,11.6,9.67
2018-08-31,9.67,11.6,0.00 (0.00 %),0,0,0,0,11.6,11.6,11.6,11.6,9.67
2018-09-04,9.67,11.6,0.00 (0.00 %),200,2320000,0,0,11.6,11.6,11.6,11.6,9.67
2018-09-05,10.33,12.4,0.80 (6.90 %),2000,24800000,0,0,11.6,12.4,12.4,12.4,10.33
2018-09-06,10.33,12.4,0.00 (0.00 %),0,0,0,0,12.4,12.4,12.4,12.4,10.33
2018-09-07,10.33,12.4,0.00 (0.00 %),0,0,0,0,12.4,12.4,12.4,12.4,10.33
2018-09-10,10.33,12.4,0.00 (0.00 %),0,0,0,0,12.4,12.4,12.4,12.4,10.33
2018-09-11,12.4,12.4,0.00 (0.00 %),0,0,0,0,12.4,12.4,12.4,12.4,10.33
2018-09-12,10.33,12.4,0.00 (0.00 %),0,0,0,0,12.4,12.4,12.4,12.4,10.33
2018-09-13,10.33,12.4,0.00 (0.00 %),0,0,0,0,12.4,12.4,12.4,12.4,10.33
2018-09-14,10.33,12.4,0.00 (0.00 %),0,0,0,0,12.4,12.4,12.4,12.4,10.33
2018-09-17,10.33,12.4,0.00 (0.00 %),0,0,0,0,12.4,12.4,12.4,12.4,10.33
2018-09-18,10.33,12.4,0.00 (0.00 %),0,0,0,0,12.4,12.4,12.4,12.4,10.33
2018-09-19,10.33,12.4,0.00 (0.00 %),0,0,0,0,12.4,12.4,12.4,12.4,10.33
2018-09-20,10.33,12.4,0.00 (0.00 %),0,0,0,0,12.4,12.4,12.4,12.4,10.33
2018-09-21,10.33,12.4,0.00 (0.00 %),0,0,0,0,12.4,12.4,12.4,12.4,10.33
2018-09-24,10.33,12.4,0.00 (0.00 %),0,0,0,0,12.4,12.4,12.4,12.4,10.33
2018-09-25,10.33,12.4,0.00 (0.00 %),100,1240000,0,0,12.4,12.4,12.4,12.4,10.33
2018-09-26,10.33,12.4,0.00 (0.00 %),0,0,0,0,12.4,12.4,12.4,12.4,10.33
2018-09-27,10.33,12.4,0.00 (0.00 %),0,0,0,0,12.4,12.4,12.4,12.4,10.33
2018-09-28,10.33,12.4,0.00 (0.00 %),0,0,0,0,12.4,12.4,12.4,12.4,10.33
2018-10-01,10.33,12.4,0.00 (0.00 %),0,0,0,0,12.4,12.4,12.4,12.4,10.33
2018-10-02,10.33,12.4,0.00 (0.00 %),0,0,0,0,12.4,12.4,12.4,12.4,10.33
2018-10-03,10.33,12.4,0.00 (0.00 %),0,0,0,0,12.4,12.4,12.4,12.4,10.33
2018-10-04,9.83,11.8,-0.60 (-4.84 %),100,1180000,0,0,12.4,11.8,11.8,11.8,9.83
2018-10-05,9.83,11.8,0.00 (0.00 %),0,0,0,0,11.8,11.8,11.8,11.8,9.83
2018-10-08,9.83,11.8,0.00 (0.00 %),0,0,0,0,11.8,11.8,11.8,11.8,9.83
2018-10-09,9.83,11.8,0.00 (0.00 %),0,0,0,0,11.8,11.8,11.8,11.8,9.83
2018-10-10,9.83,11.8,0.00 (0.00 %),0,0,0,0,11.8,11.8,11.8,11.8,9.83
2018-10-11,9.33,11.2,-0.60 (-5.08 %),100,1120000,0,0,11.8,11.2,11.2,11.2,9.33
2018-10-12,9.33,11.2,0.00 (0.00 %),0,0,0,0,11.2,11.2,11.2,11.2,9.33
2018-10-15,9.33,11.2,0.00 (0.00 %),0,0,0,0,11.2,11.2,11.2,11.2,9.33
2018-10-16,10.17,12.2,1.00 (8.93 %),100,1220000,0,0,11.2,12.2,12.2,12.2,10.17
2018-10-17,10.17,12.2,0.00 (0.00 %),0,0,0,0,12.2,12.2,12.2,12.2,10.17
2018-10-18,10.17,12.2,0.00 (0.00 %),0,0,0,0,12.2,12.2,12.2,12.2,10.17
2018-10-19,10.17,12.2,0.00 (0.00 %),0,0,0,0,12.2,12.2,12.2,12.2,10.17
2018-10-22,10.17,12.2,0.00 (0.00 %),0,0,0,0,12.2,12.2,12.2,12.2,10.17
2018-10-23,10.17,12.2,0.00 (0.00 %),0,0,0,0,12.2,12.2,12.2,12.2,10.17
2018-10-24,10.17,12.2,0.00 (0.00 %),0,0,0,0,12.2,12.2,12.2,12.2,10.17
2018-10-25,10.17,12.2,0.00 (0.00 %),0,0,0,0,12.2,12.2,12.2,12.2,10.17
2018-10-26,10.17,12.2,0.00 (0.00 %),0,0,0,0,12.2,12.2,12.2,12.2,10.17
2018-10-29,10.17,12.2,0.00 (0.00 %),0,0,0,0,12.2,12.2,12.2,12.2,10.17
2018-10-30,10.17,12.2,0.00 (0.00 %),0,0,0,0,12.2,12.2,12.2,12.2,10.17
2018-10-31,10.17,12.2,0.00 (0.00 %),0,0,0,0,12.2,12.2,12.2,12.2,10.17
2018-11-01,10.17,12.2,0.00 (0.00 %),0,0,0,0,12.2,12.2,12.2,12.2,10.17
2018-11-02,10.17,12.2,0.00 (0.00 %),0,0,0,0,12.2,12.2,12.2,12.2,10.17
2018-11-05,9.33,11.2,-1.00 (-8.20 %),102,1142600,0,0,12.2,11.2,11.2,11.2,9.33
2018-11-06,9.33,11.2,0.00 (0.00 %),0,0,0,0,11.2,11.2,11.2,11.2,9.33
2018-11-07,9.33,11.2,0.00 (0.00 %),0,0,0,0,11.2,11.2,11.2,11.2,9.33
2018-11-08,9.33,11.2,0.00 (0.00 %),0,0,0,0,11.2,11.2,11.2,11.2,9.33
2018-11-09,9.33,11.2,0.00 (0.00 %),0,0,0,0,11.2,11.2,11.2,11.2,9.33
2018-11-12,9.33,11.2,0.00 (0.00 %),0,0,0,0,11.2,11.2,11.2,11.2,9.33
2018-11-13,9.33,11.2,0.00 (0.00 %),0,0,0,0,11.2,11.2,11.2,11.2,9.33
2018-11-14,9.33,11.2,0.00 (0.00 %),0,0,0,0,11.2,11.2,11.2,11.2,9.33
2018-11-15,9.33,11.2,0.00 (0.00 %),0,0,0,0,11.2,11.2,11.2,11.2,9.33
2018-11-16,8.46,11.2,0.00 (0.00 %),1500,15220000,0,0,11.2,10.5,11.2,10,9.33
2018-11-19,8.58,10.3,0.20 (1.98 %),1500,15450000,0,0,10.1,10.3,10.3,10.3,8.58
2018-11-20,9.21,11.1,0.80 (7.77 %),2000,22100000,0,0,10.3,11,11.1,11,9.25
2018-11-21,9.25,11.1,0.00 (0.00 %),1000,11100000,0,0,11.1,11.1,11.1,11.1,9.25
2018-11-22,9.25,11.1,0.00 (0.00 %),0,0,0,0,11.1,11.1,11.1,11.1,9.25
2018-11-23,9.25,11.1,0.00 (0.00 %),0,0,0,0,11.1,11.1,11.1,11.1,9.25
2018-11-26,9.77,12,0.90 (8.11 %),2500,29300000,0,0,11.1,11.3,12,11.3,10
2018-11-27,9.75,11.7,0.00 (0.00 %),0,0,0,0,11.7,11.7,11.7,11.7,9.75
2018-11-28,9.58,11.5,-0.20 (-1.71 %),100,1150000,0,0,11.7,11.5,11.5,11.5,9.58
2018-11-29,9.58,11.5,0.00 (0.00 %),0,0,0,0,11.5,11.5,11.5,11.5,9.58
2018-11-30,9.58,11.5,0.00 (0.00 %),0,0,0,0,11.5,11.5,11.5,11.5,9.58
2018-12-03,9.58,11.5,0.00 (0.00 %),0,0,0,0,11.5,11.5,11.5,11.5,9.58
2018-12-04,9.58,11.5,0.00 (0.00 %),0,0,0,0,11.5,11.5,11.5,11.5,9.58
2018-12-05,9.58,11.5,0.00 (0.00 %),0,0,0,0,11.5,11.5,11.5,11.5,9.58
2018-12-06,9.58,11.5,0.00 (0.00 %),0,0,0,0,11.5,11.5,11.5,11.5,9.58
2018-12-07,9.37,11.3,-0.20 (-1.74 %),2000,22480000,0,0,11.5,11.2,11.3,11.2,9.42
2018-12-10,9.42,11.3,0.10 (0.89 %),2000,22600000,0,0,11.2,11.3,11.3,11.3,9.42
2018-12-11,9.42,11.3,0.00 (0.00 %),2000,22600000,0,0,11.3,11.3,11.3,11.3,9.42
2018-12-12,9.42,11.3,0.00 (0.00 %),0,0,0,0,11.3,11.3,11.3,11.3,9.42
2018-12-13,9.42,11.3,0.00 (0.00 %),0,0,0,0,11.3,11.3,11.3,11.3,9.42
2018-12-14,9.42,11.3,0.00 (0.00 %),0,0,0,0,11.3,11.3,11.3,11.3,9.42
2018-12-17,9.42,11.3,0.00 (0.00 %),0,0,0,0,11.3,11.3,11.3,11.3,9.42
2018-12-18,9.17,11,-0.30 (-2.65 %),1000,11000000,0,0,11.3,11,11,11,9.17
2018-12-19,9.22,11.1,0.10 (0.91 %),3000,33200000,0,0,11,11,11.1,11,9.25
2018-12-20,9.17,11,-0.10 (-0.90 %),3300,36330000,0,0,11.1,11.1,11.1,11,9.17
2018-12-21,9.17,11,0.00 (0.00 %),5000,55000000,0,0,11,11,11,11,9.17
2018-12-24,9.17,11,0.00 (0.00 %),6000,66000000,0,0,11,11,11,11,9.17
2018-12-25,8.54,10.2,-0.80 (-7.27 %),900,9220000,0,0,11,10.4,10.4,10.2,8.5
2018-12-26,8.5,10.2,0.00 (0.00 %),0,0,0,0,10.2,10.2,10.2,10.2,8.5
2018-12-27,8.5,10.2,0.00 (0.00 %),0,0,0,0,10.2,10.2,10.2,10.2,8.5
2018-12-28,9.17,11,0.80 (7.84 %),3000,33000000,0,0,10.2,11,11,11,9.17
2019-01-02,8.92,10.7,-0.30 (-2.73 %),1000,10700000,0,0,11,10.7,10.7,10.7,8.92
2019-01-03,8.92,10.7,0.00 (0.00 %),0,0,0,0,10.7,10.7,10.7,10.7,8.92
2019-01-04,8.92,10.7,0.00 (0.00 %),0,0,0,0,10.7,10.7,10.7,10.7,8.92
2019-01-07,9.12,11,0.30 (2.80 %),10000,109400000,0,0,10.7,10.8,11,10.8,9.17
2019-01-08,9.08,10.9,0.00 (0.00 %),0,0,0,0,10.9,10.9,10.9,10.9,9.08
2019-01-09,9.08,10.9,0.00 (0.00 %),0,0,0,0,10.9,10.9,10.9,10.9,9.08
2019-01-10,9.08,10.9,0.00 (0.00 %),0,0,0,0,10.9,10.9,10.9,10.9,9.08
2019-01-11,9.08,10.9,0.00 (0.00 %),0,0,0,0,10.9,10.9,10.9,10.9,9.08
2019-01-14,9.17,11,0.10 (0.92 %),4800,52800000,0,0,10.9,11,11,11,9.17
2019-01-15,10.5,12.6,1.60 (14.55 %),100,1260000,0,0,11,12.6,12.6,12.6,10.5
2019-01-16,10.5,12.6,0.00 (0.00 %),0,0,0,0,12.6,12.6,12.6,12.6,10.5
2019-01-17,12,14.4,1.80 (14.29 %),100,1440000,0,0,12.6,14.4,14.4,14.4,12
2019-01-18,10.25,12.3,-2.10 (-14.58 %),100,1230000,0,0,14.4,12.3,12.3,12.3,10.25
2019-01-21,12.3,12.3,0.00 (0.00 %),0,0,0,0,12.3,12.3,12.3,12.3,10.25
2019-01-22,12.3,12.3,0.00 (0.00 %),0,0,0,0,12.3,12.3,12.3,12.3,10.25
2019-01-23,12.3,12.3,0.00 (0.00 %),0,0,0,0,12.3,12.3,12.3,12.3,10.25
2019-01-24,12.3,12.3,0.00 (0.00 %),0,0,0,0,12.3,12.3,12.3,12.3,10.25
2019-01-25,12.3,12.3,0.00 (0.00 %),0,0,0,0,12.3,12.3,12.3,12.3,10.25
2019-01-28,10.06,13,0.70 (5.69 %),4000,48310000,0,0,12.3,14.1,14.1,12,10.83
2019-01-29,12.1,12.1,0.00 (0.00 %),0,0,0,0,12.1,12.1,12.1,12.1,10.08
2019-01-30,11.58,13.9,1.80 (14.88 %),100,1390000,0,0,12.1,13.9,13.9,13.9,11.58
2019-01-31,13.9,13.9,0.00 (0.00 %),0,0,0,0,13.9,13.9,13.9,13.9,11.58
2019-02-01,11.25,13.5,-0.40 (-2.88 %),2000,27000000,0,0,13.9,13.5,13.5,13.5,11.25
2019-02-11,10,12,-1.50 (-11.11 %),2000,24000000,0,0,13.5,12,12,12,10
2019-02-12,11.5,13.8,1.80 (15.00 %),100,1380000,0,0,12,13.8,13.8,13.8,11.5
2019-02-13,10.67,12.8,-1.00 (-7.25 %),100,1280000,0,0,13.8,12.8,12.8,12.8,10.67
2019-02-14,12.8,12.8,0.00 (0.00 %),0,0,0,0,12.8,12.8,12.8,12.8,10.67
2019-02-15,10,12,-0.80 (-6.25 %),2000,24000000,0,0,12.8,12,12,12,10
2019-02-18,11.5,13.8,1.80 (15.00 %),100,1380000,0,0,12,13.8,13.8,13.8,11.5
2019-02-19,10,12,-1.80 (-13.04 %),3100,37210000,0,0,13.8,12.1,12.1,12,10
2019-02-20,10,12,0.00 (0.00 %),300,3600000,0,0,12,12,12,12,10
2019-02-21,10,12,0.00 (0.00 %),140,1691000,0,0,12,12,12,12,10
2019-02-22,10,12,0.00 (0.00 %),400,4800000,0,0,12,12,12,12,10
2019-02-25,10.5,12,0.00 (0.00 %),300,3780000,0,0,12,13.8,13.8,12,10
2019-02-26,12.6,12.6,0.00 (0.00 %),80,1003000,0,0,12.6,12.6,12.6,12.6,10.5
2019-02-27,12.6,12.6,0.00 (0.00 %),6,86400,0,0,12.6,12.6,12.6,12.6,10.5
2019-02-28,12.6,12.6,0.00 (0.00 %),0,0,0,0,12.6,12.6,12.6,12.6,10.5
2019-03-01,10,12,-0.60 (-4.76 %),300,3600000,0,0,12.6,12,12,12,10
2019-03-04,12,12,0.00 (0.00 %),0,0,0,0,12,12,12,12,10
2019-03-05,12,12,0.00 (0.00 %),0,0,0,0,12,12,12,12,10
2019-03-06,12,12,0.00 (0.00 %),0,0,0,0,12,12,12,12,10
2019-03-07,12,12,0.00 (0.00 %),0,0,0,0,12,12,12,12,10
2019-03-08,12,12,0.00 (0.00 %),0,0,0,0,12,12,12,12,10
2019-03-11,12,12,0.00 (0.00 %),0,0,0,0,12,12,12,12,10
2019-03-12,11.5,13.8,1.80 (15.00 %),100,1380000,0,0,12,13.8,13.8,13.8,11.5
2019-03-13,13.8,13.8,0.00 (0.00 %),0,0,0,0,13.8,13.8,13.8,13.8,11.5
2019-03-14,9.83,11.8,-2.00 (-14.49 %),1200,14160000,0,0,13.8,11.8,11.8,11.8,9.83
2019-03-15,9.83,11.8,0.00 (0.00 %),1800,21240000,0,0,11.8,11.8,11.8,11.8,9.83
2019-03-18,11.25,13.5,1.70 (14.41 %),100,1350000,0,0,11.8,13.5,13.5,13.5,11.25
2019-03-19,13.5,13.5,0.00 (0.00 %),0,0,0,0,13.5,13.5,13.5,13.5,11.25
2019-03-20,13.5,13.5,0.00 (0.00 %),0,0,0,0,13.5,13.5,13.5,13.5,11.25
2019-03-21,11.24,13.5,0.00 (0.00 %),4000,53940000,0,0,13.5,13.3,13.5,13.3,11.25
2019-03-22,10.42,12.5,-1.00 (-7.41 %),2100,26250000,0,0,13.5,12.5,12.5,12.5,10.42
2019-03-25,10.42,12.5,0.00 (0.00 %),2100,26250000,0,0,12.5,12.5,12.5,12.5,10.42
2019-03-26,11.92,14.3,1.80 (14.40 %),100,1430000,0,0,12.5,14.3,14.3,14.3,11.92
2019-03-27,14.3,14.3,0.00 (0.00 %),0,0,0,0,14.3,14.3,14.3,14.3,11.92
2019-03-28,10.38,12.5,-1.80 (-12.59 %),7500,93450000,0,0,14.3,12.2,12.5,12.2,10.42
2019-03-29,12.5,12.5,0.00 (0.00 %),1,14300,0,0,12.5,12.5,12.5,12.5,10.42
2019-04-01,11.92,14.3,1.80 (14.40 %),100,1430000,0,0,12.5,14.3,14.3,14.3,11.92
2019-04-02,14.3,14.3,0.00 (0.00 %),0,0,0,0,14.3,14.3,14.3,14.3,11.92
2019-04-03,14.3,14.3,0.00 (0.00 %),0,0,0,0,14.3,14.3,14.3,14.3,11.92
2019-04-04,14.3,14.3,0.00 (0.00 %),0,0,0,0,14.3,14.3,14.3,14.3,11.92
2019-04-05,13.67,16.4,2.10 (14.69 %),100,1640000,0,0,14.3,16.4,16.4,16.4,13.67
2019-04-08,16.4,16.4,0.00 (0.00 %),0,0,0,0,16.4,16.4,16.4,16.4,13.67
2019-04-09,16.4,16.4,0.00 (0.00 %),0,0,0,0,16.4,16.4,16.4,16.4,13.67
2019-04-10,11.67,14,-2.40 (-14.63 %),200,2800000,0,0,16.4,14,14,14,11.67
2019-04-11,14,14,0.00 (0.00 %),0,0,0,0,14,14,14,14,11.67
2019-04-12,14,14,0.00 (0.00 %),0,0,0,0,14,14,14,14,11.67
2019-04-16,14,14,0.00 (0.00 %),0,0,0,0,14,14,14,14,11.67
2019-04-17,14,14,0.00 (0.00 %),0,0,0,0,14,14,14,14,11.67
2019-04-18,14,14,0.00 (0.00 %),0,0,0,0,14,14,14,14,11.67
2019-04-19,14,14,0.00 (0.00 %),0,0,0,0,14,14,14,14,11.67
2019-04-22,14,14,0.00 (0.00 %),0,0,0,0,14,14,14,14,11.67
2019-04-23,14,14,0.00 (0.00 %),0,0,0,0,14,14,14,14,11.67
2019-04-24,14,14,0.00 (0.00 %),0,0,0,0,14,14,14,14,11.67
2019-04-25,14,14,0.00 (0.00 %),0,0,0,0,14,14,14,14,11.67
2019-04-26,14,14,0.00 (0.00 %),0,0,0,0,14,14,14,14,11.67
2019-05-02,14,14,0.00 (0.00 %),0,0,0,0,14,14,14,14,11.67
2019-05-03,14,14,0.00 (0.00 %),0,0,0,0,14,14,14,14,11.67
2019-05-06,10,12,-2.00 (-14.29 %),100,1200000,0,0,14,12,12,12,10
2019-05-07,12,12,0.00 (0.00 %),0,0,0,0,12,12,12,12,10
2019-05-08,9.28,12,0.00 (0.00 %),4300,47900000,0,0,12,11.5,12,11,10
2019-05-09,9.58,11.5,0.40 (3.60 %),3500,40250000,0,0,11.1,11.5,11.5,11.5,9.58
2019-05-10,11,13.2,1.70 (14.78 %),100,1320000,0,0,11.5,13.2,13.2,13.2,11
2019-05-13,13.2,13.2,0.00 (0.00 %),0,0,0,0,13.2,13.2,13.2,13.2,11
2019-05-14,12.58,15.1,1.90 (14.39 %),100,1510000,0,0,13.2,15.1,15.1,15.1,12.58
2019-05-15,15.1,15.1,0.00 (0.00 %),0,0,0,0,15.1,15.1,15.1,15.1,12.58
2019-05-16,15.1,15.1,0.00 (0.00 %),0,0,0,0,15.1,15.1,15.1,15.1,12.58
2019-05-17,15.1,15.1,0.00 (0.00 %),0,0,0,0,15.1,15.1,15.1,15.1,12.58
2019-05-20,15.1,15.1,0.00 (0.00 %),0,0,0,0,15.1,15.1,15.1,15.1,12.58
2019-05-21,15.1,15.1,0.00 (0.00 %),0,0,0,0,15.1,15.1,15.1,15.1,12.58
2019-05-22,15.1,15.1,0.00 (0.00 %),0,0,0,0,15.1,15.1,15.1,15.1,12.58
2019-05-23,15.1,15.1,0.00 (0.00 %),0,0,0,0,15.1,15.1,15.1,15.1,12.58
2019-05-24,15.1,15.1,0.00 (0.00 %),0,0,0,0,15.1,15.1,15.1,15.1,12.58
2019-05-27,15.1,15.1,0.00 (0.00 %),0,0,0,0,15.1,15.1,15.1,15.1,12.58
2019-05-28,15.1,15.1,0.00 (0.00 %),0,0,0,0,15.1,15.1,15.1,15.1,12.58
2019-05-29,15.1,15.1,0.00 (0.00 %),0,0,0,0,15.1,15.1,15.1,15.1,12.58
2019-05-30,11.97,12.9,-2.20 (-14.57 %),300,4310000,0,0,15.1,17.3,17.3,12.9,10.75
2019-05-31,14.4,14.4,0.00 (0.00 %),0,0,0,0,14.4,14.4,14.4,14.4,12
2019-06-03,13.75,16.5,2.10 (14.58 %),100,1650000,0,0,14.4,16.5,16.5,16.5,13.75
2019-06-04,16.5,16.5,0.00 (0.00 %),0,0,0,0,16.5,16.5,16.5,16.5,13.75
2019-06-05,16.5,16.5,0.00 (0.00 %),0,0,0,0,16.5,16.5,16.5,16.5,13.75
2019-06-06,11.75,14.1,-2.40 (-14.55 %),100,1410000,0,0,16.5,14.1,14.1,14.1,11.75
2019-06-07,14.1,14.1,0.00 (0.00 %),0,0,0,0,14.1,14.1,14.1,14.1,11.75
2019-06-10,14.1,14.1,0.00 (0.00 %),0,0,0,0,14.1,14.1,14.1,14.1,11.75
2019-06-11,13.2,13.2,0.00 (0.00 %),0,0,0,0,13.2,13.2,13.2,13.2,11.75
2019-06-12,13.44,15.1,1.90 (14.39 %),100,1510000,0,0,13.2,15.1,15.1,15.1,13.44
2019-06-13,15.1,15.1,0.00 (0.00 %),0,0,0,0,15.1,15.1,15.1,15.1,13.44
2019-06-14,15.1,15.1,0.00 (0.00 %),0,0,0,0,15.1,15.1,15.1,15.1,13.44
2019-06-17,15.1,15.1,0.00 (0.00 %),0,0,0,0,15.1,15.1,15.1,15.1,13.44
2019-06-18,15.1,15.1,0.00 (0.00 %),0,0,0,0,15.1,15.1,15.1,15.1,13.44
2019-06-19,15.1,15.1,0.00 (0.00 %),0,0,0,0,15.1,15.1,15.1,15.1,13.44
2019-06-20,12.27,12.9,-2.20 (-14.57 %),500,6890000,0,0,15.1,17.3,17.3,12.9,11.48
2019-06-21,13.8,13.8,0.00 (0.00 %),0,0,0,0,13.8,13.8,13.8,13.8,12.28
2019-06-24,13.8,13.8,0.00 (0.00 %),0,0,0,0,13.8,13.8,13.8,13.8,12.28
2019-06-25,13.8,13.8,0.00 (0.00 %),0,0,0,0,13.8,13.8,13.8,13.8,12.28
2019-06-26,13.8,13.8,0.00 (0.00 %),0,0,0,0,13.8,13.8,13.8,13.8,12.28
2019-06-27,10.73,12.3,-1.50 (-10.87 %),1000,12060000,0,0,13.8,12,12.3,11.8,10.95
2019-06-28,10.66,12,-0.10 (-0.83 %),2100,25150000,0,0,12.1,12.1,12.1,11.8,10.68
2019-07-01,10.76,12.2,0.20 (1.67 %),3500,42290000,0,0,12,12,12.2,12,10.86
2019-07-02,12.37,13.9,1.80 (14.88 %),100,1390000,0,0,12.1,13.9,13.9,13.9,12.37
2019-07-03,12.34,13.9,0.00 (0.00 %),500,6930000,0,0,13.9,13.8,13.9,13.8,12.37
2019-07-04,12.24,13.9,0.00 (0.00 %),24000,330020000,0,0,13.9,13.8,13.9,13.1,12.37
2019-07-05,11.65,13,-0.80 (-5.80 %),2100,27490000,0,0,13.8,13.3,13.3,13,11.57
2019-07-08,10.96,12.4,-0.70 (-5.34 %),1400,17240000,0,0,13.1,13,13,12.2,11.04
2019-07-09,11.09,12.4,0.10 (0.81 %),1600,19940000,0,0,12.3,13.4,13.4,12.4,11.04
2019-07-10,11.48,13.5,1.00 (8.00 %),3100,39990000,0,0,12.5,12.4,13.5,12.4,12.02
2019-07-11,11.95,13.5,0.60 (4.65 %),10100,135640000,0,0,12.9,13,13.8,13,12.02
2019-07-12,11.75,13.2,-0.20 (-1.49 %),500,6600000,0,0,13.4,13.2,13.2,13.2,11.75
2019-07-15,11.57,13,-0.20 (-1.52 %),1700,22100000,0,0,13.2,13,13,13,11.57
2019-07-16,11.57,13,0.00 (0.00 %),1700,22100000,0,0,13,13,13,13,11.57
2019-07-17,11.22,12.5,-0.50 (-3.85 %),6800,85750000,0,0,13,12.5,13,12.5,11.13
2019-07-18,11.28,12.9,0.30 (2.38 %),6500,82400000,0,0,12.6,12.6,13,12.6,11.48
2019-07-19,11.5,13,0.30 (2.36 %),8400,108530000,0,0,12.7,12.9,13.2,12.8,11.57
2019-07-22,11.44,12.9,0.00 (0.00 %),5000,64270000,0,0,12.9,12.6,12.9,12.6,11.48
2019-07-23,11.48,12.9,0.00 (0.00 %),3000,38700000,0,0,12.9,12.9,12.9,12.9,11.48
2019-07-24,11.66,13.1,0.20 (1.55 %),1500,19650000,0,0,12.9,13.1,13.1,13.1,11.66
2019-07-25,11.61,13.1,0.00 (0.00 %),6400,83500000,0,0,13.1,13,13.1,13,11.66
2019-07-26,11.64,13.3,0.30 (2.31 %),7600,99420000,0,0,13,13,13.3,13,11.84
2019-07-29,11.66,13.1,0.00 (0.00 %),2400,31440000,0,0,13.1,13.1,13.1,13.1,11.66
2019-07-30,11.66,13.1,0.00 (0.00 %),4700,61550000,0,0,13.1,13,13.1,13,11.66
2019-07-31,11.53,13,-0.10 (-0.76 %),4700,60890000,0,0,13.1,13,13,12.9,11.57
2019-08-01,11.48,12.9,-0.10 (-0.77 %),1000,12900000,0,0,13,12.9,12.9,12.9,11.48
2019-08-02,11.48,12.9,0.00 (0.00 %),4500,58050000,0,0,12.9,12.9,12.9,12.9,11.48
2019-08-05,11.05,12.3,-0.60 (-4.65 %),11700,145250000,0,0,12.9,12.8,12.8,12.3,10.95
2019-08-06,12.4,12.4,0.00 (0.00 %),0,0,0,0,12.4,12.4,12.4,12.4,11.04
2019-08-07,10.47,12,-0.40 (-3.23 %),4800,56450000,0,0,12.4,11.5,12,11.5,10.68
2019-08-08,11.94,13.5,1.70 (14.41 %),27700,371640000,0,0,11.8,13.5,13.5,13,12.02
2019-08-09,12.48,13.9,0.50 (3.73 %),14400,201880000,0,0,13.4,13.9,14.5,13.9,12.37
2019-08-12,11.39,12.8,-1.20 (-8.57 %),100,1280000,0,0,14,12.8,12.8,12.8,11.39
2019-08-13,11.06,13,0.20 (1.56 %),2300,28590000,0,0,12.8,12,13,12,11.57
2019-08-14,12.4,12.4,0.00 (0.00 %),0,0,0,0,12.4,12.4,12.4,12.4,11.04
2019-08-15,10.83,12.2,-0.20 (-1.61 %),300,3650000,0,0,12.4,12.1,12.2,12.1,10.86
2019-08-16,11.09,12.5,0.30 (2.46 %),5400,67300000,0,0,12.2,12.5,12.5,12.3,11.13
2019-08-19,11.13,12.5,0.00 (0.00 %),3200,40000000,0,0,12.5,12.5,12.5,12.5,11.13
2019-08-20,11.13,12.5,0.00 (0.00 %),2200,27500000,0,0,12.5,12.5,12.5,12.5,11.13
2019-08-21,11.13,12.5,0.00 (0.00 %),1000,12500000,0,0,12.5,12.5,12.5,12.5,11.13
2019-08-22,10.23,12.8,0.30 (2.40 %),3500,40240000,0,0,12.5,11.2,12.8,11.2,11.39
2019-08-23,10.83,12.5,1.00 (8.70 %),7800,94920000,0,0,11.5,11.4,12.5,11.4,11.13
2019-08-26,10.04,12.5,0.30 (2.46 %),2400,27070000,0,0,12.2,11.2,12.5,11.2,11.13
2019-08-27,10.19,12.7,1.40 (12.39 %),2700,30900000,0,0,11.3,11.3,12.7,11.3,11.3
2019-08-28,11.4,11.4,0.00 (0.00 %),0,0,0,0,11.4,11.4,11.4,11.4,10.15
2019-08-29,11.2,12.5,1.10 (9.65 %),700,8810000,0,0,11.4,13.1,13.1,12.5,11.13
2019-08-30,10.65,12.5,-0.10 (-0.79 %),4100,49050000,0,0,12.6,12,12.5,11.4,11.13
2019-09-03,10.66,12,0.00 (0.00 %),1800,21550000,0,0,12,11.5,12,11.5,10.68
2019-09-04,10.42,11.8,-0.20 (-1.67 %),6500,76130000,0,0,12,11.6,12,11.6,10.5
2019-09-05,10.31,11.5,-0.20 (-1.71 %),19100,221300000,0,0,11.7,11.7,11.7,11.5,10.24
2019-09-06,10.46,11.7,0.10 (0.86 %),20100,236170000,0,0,11.6,11.7,11.8,11.7,10.41
2019-09-09,9.97,11.2,-0.60 (-5.08 %),2415,27048000,0,0,11.8,11.2,11.2,11.2,9.97
2019-09-10,9.44,10.6,-0.60 (-5.36 %),1800,19080000,0,0,11.2,10.6,10.6,10.6,9.44
2019-09-11,10.44,11.8,1.20 (11.32 %),300,3520000,0,0,10.6,11.7,11.8,11.7,10.5
2019-09-12,9.92,11.1,-0.60 (-5.13 %),1900,21180000,0,0,11.7,12,12,11.1,9.88
2019-09-13,10.2,11.9,0.80 (7.21 %),2800,32090000,0,0,11.1,11.2,11.9,11.2,10.59
2019-09-16,10.07,11.5,0.00 (0.00 %),3600,40720000,0,0,11.5,11.1,11.5,11.1,10.24
2019-09-17,10.24,11.5,0.20 (1.77 %),1700,19550000,0,0,11.3,11.5,11.5,11.5,10.24
2019-09-18,10.19,11.7,0.20 (1.74 %),2300,26320000,0,0,11.5,11.4,11.7,11.4,10.41
2019-09-19,10.26,11.7,0.30 (2.63 %),2600,29960000,0,0,11.4,11.4,11.7,11.4,10.41
2019-09-20,10.16,11.4,-0.10 (-0.87 %),700,7990000,0,0,11.5,11.5,11.5,11.4,10.15
2019-09-23,10.15,11.4,0.00 (0.00 %),4000,45600000,0,0,11.4,11.4,11.4,11.4,10.15
2019-09-24,10.1,11.4,0.00 (0.00 %),2000,22690000,0,0,11.4,11,11.4,11,10.15
2019-09-25,9.99,11.2,-0.10 (-0.88 %),4200,47120000,0,0,11.3,11,11.4,11,9.97
2019-09-26,9.79,11,-0.20 (-1.79 %),3200,35210000,0,0,11.2,11.1,11.1,11,9.79
2019-09-27,9.55,10.3,-0.70 (-6.36 %),10700,114800000,0,0,11,11,11.1,10.3,9.17
2019-09-30,9.46,10.7,0.00 (0.00 %),4200,44660000,0,0,10.7,10.7,10.7,10.5,9.52
2019-10-01,9.44,10.7,0.10 (0.94 %),3500,37110000,0,0,10.6,10.7,10.7,10.5,9.52
2019-10-02,9.53,10.8,0.20 (1.89 %),1900,20340000,0,0,10.6,10.7,10.8,10.7,9.61
2019-10-03,10.7,10.7,0.00 (0.00 %),0,0,0,0,10.7,10.7,10.7,10.7,9.52
2019-10-04,9.8,10.8,0.10 (0.93 %),1300,14320000,0,0,10.7,11.5,11.5,10.8,9.61
2019-10-07,9.7,10.9,-0.10 (-0.91 %),1300,14170000,0,0,11,10.9,10.9,10.9,9.7
2019-10-08,9.3,10.8,-0.10 (-0.92 %),2600,27170000,0,0,10.9,10.4,10.8,10.4,9.61
2019-10-09,9.61,10.8,0.30 (2.86 %),9100,98250000,0,0,10.5,10.8,10.8,10.6,9.61
2019-10-10,9.62,10.9,0.10 (0.93 %),3400,36730000,0,0,10.8,10.8,10.9,10.8,9.7
2019-10-11,9.64,11,0.20 (1.85 %),8100,87710000,0,0,10.8,10.9,11,10.6,9.79
2019-10-14,10.15,11.4,0.60 (5.56 %),2500,28500000,0,0,10.8,11.4,11.4,11.4,10.15
2019-10-15,11.4,11.4,0.00 (0.00 %),0,0,0,0,11.4,11.4,11.4,11.4,10.15
2019-10-16,10.84,11,-0.40 (-3.51 %),2500,30440000,0,0,11.4,12.4,12.4,11,9.79
2019-10-17,10.21,11.1,-1.10 (-9.02 %),2000,22940000,0,0,12.2,11.4,11.5,11.1,9.88
2019-10-18,9.79,11,-0.50 (-4.35 %),8000,88000000,0,0,11.5,11,11,11,9.79
2019-10-21,10,11,0.00 (0.00 %),3000,33720000,0,0,11,10.7,11.4,10.7,9.79
2019-10-22,11.2,11.2,0.00 (0.00 %),0,0,0,0,11.2,11.2,11.2,11.2,9.97
2019-10-23,11.2,11.2,0.00 (0.00 %),0,0,0,0,11.2,11.2,11.2,11.2,9.97
2019-10-24,11.2,11.2,0.00 (0.00 %),0,0,0,0,11.2,11.2,11.2,11.2,9.97
2019-10-25,10.95,12.3,1.10 (9.82 %),2400,29520000,0,0,11.2,12.3,12.3,12.3,10.95
2019-10-28,12.3,12.3,0.00 (0.00 %),0,0,0,0,12.3,12.3,12.3,12.3,10.95
2019-10-29,10.24,11.5,-0.80 (-6.50 %),100,1150000,0,0,12.3,11.5,11.5,11.5,10.24
2019-10-30,10.7,10.8,-0.70 (-6.09 %),2300,27640000,0,0,11.5,12.1,12.1,10.8,9.61
2019-10-31,10.95,11.5,-0.50 (-4.17 %),900,11070000,0,0,12,12.4,12.4,11.5,10.24
2019-11-01,9.72,10.9,-1.40 (-11.38 %),7900,86260000,0,0,12.3,10.9,11,10.9,9.7
2019-11-04,10.42,11.8,0.90 (8.26 %),3100,36280000,0,0,10.9,11.7,11.8,11.7,10.5
2019-11-05,11.7,11.7,0.00 (0.00 %),0,0,0,0,11.7,11.7,11.7,11.7,10.41
2019-11-06,11.7,11.7,0.00 (0.00 %),0,0,0,0,11.7,11.7,11.7,11.7,10.41
2019-11-07,9.72,11,-0.70 (-5.98 %),7200,78640000,0,0,11.7,11.2,11.2,10.3,9.79
2019-11-08,9.75,10.7,-0.20 (-1.83 %),4200,46000000,0,0,10.9,11.3,11.3,10.7,9.52
2019-11-11,9.52,10.7,-0.30 (-2.73 %),200,2140000,0,0,11,10.7,10.7,10.7,9.52
2019-11-12,9.52,10.7,0.00 (0.00 %),200,2140000,0,0,10.7,10.7,10.7,10.7,9.52
2019-11-13,10.7,10.7,0.00 (0.00 %),0,0,0,0,10.7,10.7,10.7,10.7,9.52
2019-11-14,9.87,10.8,0.10 (0.93 %),2100,23280000,0,0,10.7,11.1,11.1,10.8,9.61
2019-11-15,11.1,11.1,0.00 (0.00 %),0,0,0,0,11.1,11.1,11.1,11.1,9.88
2019-11-18,11.1,11.1,0.00 (0.00 %),0,0,0,0,11.1,11.1,11.1,11.1,9.88
2019-11-19,11.1,11.1,0.00 (0.00 %),0,0,0,0,11.1,11.1,11.1,11.1,9.88
2019-11-20,11.1,11.1,0.00 (0.00 %),0,0,0,0,11.1,11.1,11.1,11.1,9.88
2019-11-21,9.44,10.6,-0.50 (-4.50 %),100,1060000,0,0,11.1,10.6,10.6,10.6,9.44
2019-11-22,9.52,10.7,0.10 (0.94 %),100,1070000,0,0,10.6,10.7,10.7,10.7,9.52
2019-11-25,10.7,10.7,0.00 (0.00 %),0,0,0,0,10.7,10.7,10.7,10.7,9.52
2019-11-26,9.52,10.7,0.00 (0.00 %),300,3210000,0,0,10.7,10.7,10.7,10.7,9.52
2019-11-27,9.7,10.9,0.20 (1.87 %),200,2180000,0,0,10.7,10.9,10.9,10.9,9.7
2019-11-28,10.9,10.9,0.00 (0.00 %),0,0,0,0,10.9,10.9,10.9,10.9,9.7
2019-11-29,9.7,10.9,0.00 (0.00 %),1200,13080000,0,0,10.9,10.9,10.9,10.9,9.7
2019-12-02,9.7,10.9,0.00 (0.00 %),1800,20880000,0,0,10.9,11.6,10.9,10.9,9.7
2019-12-03,11.6,11.6,0.00 (0.00 %),0,0,0,0,11.6,11.6,11.6,11.6,10.33
2019-12-04,11.6,11.6,0.00 (0.00 %),0,0,0,0,11.6,11.6,11.6,11.6,10.33
2019-12-05,11.6,11.6,0.00 (0.00 %),0,0,0,0,11.6,11.6,11.6,11.6,10.33
2019-12-06,9.79,11,-0.60 (-5.17 %),100,1100000,0,0,11.6,11,11,11,9.79
2019-12-09,10.24,11.5,0.50 (4.55 %),1200,13800000,0,0,11,11.5,11.5,11.5,10.24
2019-12-10,9.52,10.7,-0.80 (-6.96 %),100,1070000,0,0,11.5,10.7,10.7,10.7,9.52
2019-12-11,10.15,11.4,0.70 (6.54 %),2200,25080000,0,0,10.7,11.4,11.4,11.4,10.15
2019-12-12,11.4,11.4,0.00 (0.00 %),0,0,0,0,11.4,11.4,11.4,11.4,10.15
2019-12-13,9.66,11,-0.40 (-3.51 %),1100,11940000,0,0,11.4,10.7,11,10.7,9.79
2019-12-16,9.48,10.6,-0.30 (-2.75 %),3800,40480000,0,0,10.9,10.7,10.8,10.6,9.44
2019-12-17,9.61,10.8,0.10 (0.93 %),700,7560000,0,0,10.7,10.8,10.8,10.8,9.61
2019-12-18,9.86,11,0.20 (1.85 %),1700,18830000,0,0,10.8,11.1,11.1,11,9.79
2019-12-19,9.7,10.9,-0.20 (-1.80 %),1000,10900000,0,0,11.1,10.9,10.9,10.9,9.7
2019-12-20,9.61,10.8,-0.10 (-0.92 %),700,7560000,0,0,10.9,10.8,10.8,10.8,9.61
2019-12-23,9.88,11.1,0.30 (2.78 %),1200,13320000,0,0,10.8,11.1,11.1,11.1,9.88
2019-12-24,11.1,11.1,0.00 (0.00 %),0,0,0,0,11.1,11.1,11.1,11.1,9.88
2019-12-25,9.79,11,-0.10 (-0.90 %),200,2200000,0,0,11.1,11,11,11,9.79
2019-12-26,9.61,10.8,-0.20 (-1.82 %),1500,16200000,0,0,11,10.8,10.8,10.8,9.61
2019-12-27,9.52,10.7,-0.10 (-0.93 %),1300,13910000,0,0,10.8,10.7,10.7,10.7,9.52
2019-12-30,9.7,10.9,0.20 (1.87 %),100,1090000,0,0,10.7,10.9,10.9,10.9,9.7
2019-12-31,10.9,10.9,0.00 (0.00 %),0,0,0,0,10.9,10.9,10.9,10.9,9.7
2020-01-02,9.57,10.8,-0.10 (-0.92 %),900,9680000,0,0,10.9,10.7,10.8,10.7,9.61
2020-01-03,9.8,10.8,0.00 (0.00 %),2100,23130000,0,0,10.8,11.1,11.1,10.8,9.61
2020-01-06,9.7,10.9,-0.10 (-0.91 %),2100,22890000,0,0,11,10.9,10.9,10.9,9.7
2020-01-07,9.79,11,0.10 (0.92 %),200,2200000,0,0,10.9,11,11,11,9.79
2020-01-08,9.61,10.8,-0.20 (-1.82 %),1000,10800000,0,0,11,10.8,10.8,10.8,9.61
2020-01-09,9.61,10.8,0.00 (0.00 %),700,7560000,0,0,10.8,10.8,10.8,10.8,9.61
2020-01-10,9.52,10.7,-0.10 (-0.93 %),200,2140000,0,0,10.8,10.7,10.7,10.7,9.52
2020-01-13,9.88,11.1,0.40 (3.74 %),400,4440000,0,0,10.7,11.1,11.1,11.1,9.88
2020-01-14,9.88,11.1,0.00 (0.00 %),100,1110000,0,0,11.1,11.1,11.1,11.1,9.88
2020-01-15,11.1,11.1,0.00 (0.00 %),0,0,0,0,11.1,11.1,11.1,11.1,9.88
2020-01-16,9.88,11.1,0.00 (0.00 %),0,0,0,0,11.1,11.1,11.1,11.1,9.88
2020-01-17,9.52,10.7,-0.40 (-3.60 %),1500,16050000,0,0,11.1,10.7,10.7,10.7,9.52
2020-01-20,9.52,10.7,0.00 (0.00 %),0,0,0,0,10.7,10.7,10.7,10.7,9.52
2020-01-21,9.52,10.7,0.00 (0.00 %),0,0,0,0,10.7,10.7,10.7,10.7,9.52
2020-01-22,9.79,11,0.30 (2.80 %),500,5500000,0,0,10.7,11,11,11,9.79
2020-01-30,10.15,11.4,0.40 (3.64 %),500,5700000,0,0,11,11.4,11.4,11.4,10.15
2020-01-31,8.92,10.1,-1.30 (-11.40 %),1300,13030000,0,0,11.4,10,10.1,10,8.99
2020-02-03,8.54,9.6,-0.40 (-4.00 %),1800,17280000,0,0,10,9.6,9.6,9.6,8.54
2020-02-04,9.6,9.6,0.00 (0.00 %),0,0,0,0,9.6,9.6,9.6,9.6,8.54
2020-02-05,9.39,10.7,1.10 (11.46 %),800,8440000,0,0,9.6,10.3,10.7,10.3,9.52
2020-02-06,10.6,10.6,0.00 (0.00 %),0,0,0,0,10.6,10.6,10.6,10.6,9.44
2020-02-07,9.52,10.7,0.10 (0.94 %),800,8560000,0,0,10.6,10.7,10.7,10.7,9.52
2020-02-10,9.61,10.8,0.10 (0.93 %),500,5400000,0,0,10.7,10.8,10.8,10.8,9.61
2020-02-11,10.8,10.8,0.00 (0.00 %),0,0,0,0,10.8,10.8,10.8,10.8,9.61
2020-02-12,9.7,10.9,0.10 (0.93 %),1300,14170000,0,0,10.8,10.9,10.9,10.9,9.7
2020-02-13,9.7,10.9,0.00 (0.00 %),106,1156000,0,0,10.9,10.9,10.9,10.9,9.7
2020-02-14,10.9,10.9,0.00 (0.00 %),0,0,0,0,10.9,10.9,10.9,10.9,9.7
2020-02-17,10.9,10.9,0.00 (0.00 %),0,0,0,0,10.9,10.9,10.9,10.9,9.7
2020-02-18,9.7,10.9,0.00 (0.00 %),100,1090000,0,0,10.9,10.9,10.9,10.9,9.7
2020-02-19,10.9,10.9,0.00 (0.00 %),0,0,0,0,10.9,10.9,10.9,10.9,9.7
2020-02-20,10.9,10.9,0.00 (0.00 %),0,0,0,0,10.9,10.9,10.9,10.9,9.7
2020-02-21,10.9,10.9,0.00 (0.00 %),6,75000,0,0,10.9,10.9,10.9,10.9,9.7
2020-02-24,10.9,10.9,0.00 (0.00 %),0,0,0,0,10.9,10.9,10.9,10.9,9.7
2020-02-25,10.9,10.9,0.00 (0.00 %),0,0,0,0,10.9,10.9,10.9,10.9,9.7
2020-02-26,9.08,10.2,-0.70 (-6.42 %),100,1020000,0,0,10.9,10.2,10.2,10.2,9.08
2020-02-27,10.2,10.2,0.00 (0.00 %),0,0,0,0,10.2,10.2,10.2,10.2,9.08
2020-02-28,10.2,10.2,0.00 (0.00 %),0,0,0,0,10.2,10.2,10.2,10.2,9.08
2020-03-02,10.2,10.2,0.00 (0.00 %),0,0,0,0,10.2,10.2,10.2,10.2,9.08
2020-03-03,9.33,10.6,0.40 (3.92 %),1800,18870000,0,0,10.2,10.4,10.6,10.4,9.44
2020-03-04,9.29,10.4,-0.10 (-0.95 %),300,3130000,0,0,10.5,10.5,10.5,10.4,9.26
2020-03-05,8.61,9.6,-0.80 (-7.69 %),1700,16440000,0,0,10.4,10.2,10.2,9.6,8.54
2020-03-06,9.7,9.7,0.00 (0.00 %),0,0,0,0,9.7,9.7,9.7,9.7,8.63
2020-03-09,7.74,8.7,-1.00 (-10.31 %),3000,26100000,0,0,9.7,8.7,8.7,8.7,7.74
2020-03-10,7.2,10,1.30 (14.94 %),4000,32370000,0,0,8.7,8,10,8,8.9
2020-03-12,8.06,9,0.90 (11.11 %),1600,14480000,0,0,8.1,9.3,9.3,9,8.01
2020-03-13,9.1,9.1,0.00 (0.00 %),0,0,0,0,9.1,9.1,9.1,9.1,8.1
2020-03-16,7.74,8.7,-0.40 (-4.40 %),1900,16530000,0,0,9.1,8.7,8.7,8.7,7.74
2020-03-17,6.77,9.4,0.70 (8.05 %),3000,22810000,0,0,8.7,7.5,9.4,7.5,8.37
2020-03-18,7.74,8.7,1.10 (14.47 %),400,3480000,0,0,7.6,8.7,8.7,8.7,7.74
2020-03-19,8.14,8.8,0.10 (1.15 %),2300,21040000,0,0,8.7,9.8,9.8,8.8,7.83
2020-03-20,7.92,8.9,-0.20 (-2.20 %),1100,9790000,0,0,9.1,8.9,8.9,8.9,7.92
2020-03-23,8.01,9,0.10 (1.12 %),500,4500000,0,0,8.9,9,9,9,8.01
2020-03-24,7.65,8.6,-0.40 (-4.44 %),2600,22360000,0,0,9,8.6,8.6,8.6,7.65
2020-03-25,8.6,8.6,0.00 (0.00 %),0,0,0,0,8.6,8.6,8.6,8.6,7.65
2020-03-26,8.6,8.6,0.00 (0.00 %),0,0,0,0,8.6,8.6,8.6,8.6,7.65
2020-03-27,6.68,7.5,-1.10 (-12.79 %),2500,18750000,0,0,8.6,7.5,7.5,7.5,6.68
2020-03-30,6.32,7.1,-0.40 (-5.33 %),1700,12070000,0,0,7.5,7.1,7.1,7.1,6.32
2020-03-31,7.1,7.1,0.00 (0.00 %),0,0,0,0,7.1,7.1,7.1,7.1,6.32
2020-04-01,7.21,8.1,1.00 (14.08 %),100,810000,0,0,7.1,8.1,8.1,8.1,7.21
2020-04-03,6.95,9.3,1.20 (14.81 %),1600,12500000,0,0,8.1,7.6,9.3,7.6,8.28
2020-04-06,7.8,7.8,0.00 (0.00 %),0,0,0,0,7.8,7.8,7.8,7.8,6.94
2020-04-07,7.92,8.9,1.10 (14.10 %),100,890000,0,0,7.8,8.9,8.9,8.9,7.92
2020-04-08,9.08,10.2,1.30 (14.61 %),400,4080000,0,0,8.9,10.2,10.2,10.2,9.08
2020-04-09,10.33,11.6,1.40 (13.73 %),1000,11600000,0,0,10.2,11.6,11.6,11.6,10.33
2020-04-10,11.6,11.6,0.00 (0.00 %),0,0,0,0,11.6,11.6,11.6,11.6,10.33
2020-04-13,11.6,11.6,0.00 (0.00 %),0,0,0,0,11.6,11.6,11.6,11.6,10.33
2020-04-14,11.6,11.6,0.00 (0.00 %),0,0,0,0,11.6,11.6,11.6,11.6,10.33
2020-04-15,11.84,13.3,1.70 (14.66 %),111100,1477620000,0,0,11.6,13.3,13.3,13.2,11.84
2020-04-16,12.24,13.8,0.50 (3.76 %),1700,23380000,0,0,13.3,14.8,14.8,12,12.28
2020-04-17,11.57,13.3,-0.50 (-3.62 %),50100,651190000,0,0,13.8,13,13.3,12.9,11.84
2020-04-20,13,13,0.00 (0.00 %),0,0,0,0,13,13,13,13,11.57
2020-04-21,13.13,12.5,-0.50 (-3.85 %),3300,48690000,0,0,13,14.9,14.9,12.5,11.13
2020-04-22,12.89,15.1,0.30 (2.03 %),5200,75290000,0,0,14.8,13,15.5,13,13.44
2020-04-23,14.5,14.5,0.00 (0.00 %),0,0,0,0,14.5,14.5,14.5,14.5,12.91
2020-04-24,11.57,13,-1.50 (-10.34 %),200,2600000,0,0,14.5,13,13,13,11.57
2020-04-27,13.17,14.8,1.80 (13.85 %),300,4440000,0,0,13,14.8,14.8,14.8,13.17
2020-04-28,14.8,14.8,0.00 (0.00 %),0,0,0,0,14.8,14.8,14.8,14.8,13.17
2020-04-29,13.44,15.1,0.30 (2.03 %),1000,15100000,0,0,14.8,15.1,15.1,15.1,13.44
2020-05-04,14.59,12.9,-2.20 (-14.57 %),5300,86860000,0,0,15.1,17.2,17.2,12.9,11.48
2020-05-05,15,16.1,-0.30 (-1.83 %),1704,28717600,0,0,16.4,16.9,16.9,16.1,14.33
2020-05-06,16.9,16.9,0.00 (0.00 %),0,0,0,0,16.9,16.9,16.9,16.9,15.04
2020-05-07,12.82,14.4,-2.50 (-14.79 %),2100,30240000,0,0,16.9,14.4,14.4,14.4,12.82
2020-05-08,11.57,13,-1.40 (-9.72 %),2800,36400000,0,0,14.4,13,13,13,11.57
2020-05-11,11.57,13,0.00 (0.00 %),4300,55900000,0,0,13,13,13,13,11.57
2020-05-12,12.25,13.8,0.80 (6.15 %),3600,49530000,0,0,13,12.3,13.8,12.3,12.28
2020-05-13,13.8,13.8,0.00 (0.00 %),0,0,0,0,13.8,13.8,13.8,13.8,12.28
2020-05-14,13.8,13.8,0.00 (0.00 %),0,0,0,0,13.8,13.8,13.8,13.8,12.28
2020-05-15,13.89,15.6,1.80 (13.04 %),1000,15600000,0,0,13.8,15.6,15.6,15.6,13.89
2020-05-18,13.52,13.5,-2.10 (-13.46 %),2500,37970000,0,0,15.6,17.7,17.7,13.4,12.02
2020-05-19,11.85,13.1,-2.10 (-13.82 %),5200,69220000,0,0,15.2,13.3,13.5,13.1,11.66
2020-05-20,11.25,12.5,-0.80 (-6.02 %),1400,17700000,0,0,13.3,13,13,12.5,11.13
2020-05-21,12.28,13.8,1.20 (9.52 %),1000,13800000,0,0,12.6,13.8,13.8,13.8,12.28
2020-05-22,13.8,13.8,0.00 (0.00 %),0,0,0,0,13.8,13.8,13.8,13.8,12.28
2020-05-25,13.8,13.8,0.00 (0.00 %),0,0,0,0,13.8,13.8,13.8,13.8,12.28
2020-05-26,11.57,13,-0.80 (-5.80 %),3300,42900000,0,0,13.8,13,13,13,11.57
2020-05-27,11.48,13,0.00 (0.00 %),3700,47700000,0,0,13,12.8,13,12.8,11.57
2020-05-28,12.9,12.9,0.00 (0.00 %),0,0,0,0,12.9,12.9,12.9,12.9,11.48
2020-05-29,11.93,13.4,0.50 (3.88 %),1000,13400000,0,0,12.9,13.4,13.4,13.4,11.93
2020-06-01,13.4,13.4,0.00 (0.00 %),0,0,0,0,13.4,13.4,13.4,13.4,11.93
2020-06-02,11.13,12.5,-0.90 (-6.72 %),500,6250000,0,0,13.4,12.5,12.5,12.5,11.13
2020-06-03,12.5,12.5,0.00 (0.00 %),0,0,0,0,12.5,12.5,12.5,12.5,11.13
2020-06-04,12.5,12.5,0.00 (0.00 %),6,69600,0,0,12.5,12.5,12.5,12.5,11.13
2020-06-05,11.84,13.3,0.80 (6.40 %),1000,13300000,0,0,12.5,13.3,13.3,13.3,11.84
2020-06-08,11.15,12.1,-1.20 (-9.02 %),2900,36330000,0,0,13.3,13.5,13.5,12.1,10.77
2020-06-09,11.84,13.3,0.80 (6.40 %),800,10640000,0,0,12.5,13.3,13.3,13.3,11.84
2020-06-10,11.48,12.9,-0.40 (-3.01 %),400,5160000,0,0,13.3,12.9,12.9,12.9,11.48
2020-06-11,11.66,13.1,0.20 (1.55 %),1000,13100000,0,0,12.9,13.1,13.1,13.1,11.66
2020-06-12,13.1,13.1,0.00 (0.00 %),0,0,0,0,13.1,13.1,13.1,13.1,11.66
2020-06-15,13.1,13.1,0.00 (0.00 %),0,0,0,0,13.1,13.1,13.1,13.1,11.66
2020-06-16,13.1,13.1,0.00 (0.00 %),0,0,0,0,13.1,13.1,13.1,13.1,11.66
2020-06-17,13.1,13.1,0.00 (0.00 %),0,0,0,0,13.1,13.1,13.1,13.1,11.66
2020-06-18,10.95,12.5,-0.60 (-4.58 %),1000,12300000,0,0,13.1,12.1,12.5,12.1,11.13
2020-06-19,10.89,12.2,-0.10 (-0.81 %),800,9790000,0,0,12.3,12.3,12.3,12.2,10.86
2020-06-22,11.13,12.5,0.30 (2.46 %),5600,70000000,0,0,12.2,12.5,12.5,12.5,11.13
2020-06-23,11.14,12.6,0.10 (0.80 %),12000,150200000,0,0,12.5,12.5,12.6,12.5,11.22
2020-06-24,12.5,12.5,0.00 (0.00 %),0,0,0,0,12.5,12.5,12.5,12.5,11.13
2020-06-25,11.27,12.4,-0.10 (-0.80 %),1500,19000000,0,0,12.5,12.8,12.8,12.4,11.04
2020-06-26,12.03,13.4,0.70 (5.51 %),11500,155450000,0,0,12.7,14.3,14.3,13.4,11.93
2020-06-29,13.5,13.5,0.00 (0.00 %),0,0,0,0,13.5,13.5,13.5,13.5,12.02
2020-06-30,12.73,14.3,0.80 (5.93 %),500,7150000,0,0,13.5,14.3,14.3,14.3,12.73
2020-07-01,12.37,13.9,-0.40 (-2.80 %),500,6950000,0,0,14.3,13.9,13.9,13.9,12.37
2020-07-02,12.33,13.9,0.00 (0.00 %),1000,13850000,0,0,13.9,13.8,13.9,13.8,12.37
2020-07-03,13.9,13.9,0.00 (0.00 %),0,0,0,0,13.9,13.9,13.9,13.9,12.37
2020-07-06,11.13,12.5,-1.40 (-10.07 %),500,6250000,0,0,13.9,12.5,12.5,12.5,11.13
2020-07-07,11.66,13.1,0.60 (4.80 %),1000,13100000,0,0,12.5,13.1,13.1,13.1,11.66
2020-07-08,13.1,13.1,0.00 (0.00 %),0,0,0,0,13.1,13.1,13.1,13.1,11.66
2020-07-09,11.39,12.7,-0.40 (-3.05 %),5900,75510000,0,0,13.1,12.8,12.9,12.7,11.3
2020-07-10,11.94,13.8,1.00 (7.81 %),5500,73800000,0,0,12.8,12.7,13.8,12.7,12.28
2020-07-13,11.54,13,-0.40 (-2.99 %),4500,58350000,0,0,13.4,12.9,13,12.8,11.57
2020-07-14,13,13,0.00 (0.00 %),0,0,0,0,13,13,13,13,11.57
2020-07-15,11.98,13.1,0.10 (0.77 %),2500,33650000,0,0,13,13.7,13.7,13.1,11.66
2020-07-16,11.13,12.5,-1.00 (-7.41 %),200,2500000,0,0,13.5,12.5,12.5,12.5,11.13
2020-07-17,12.28,13,1.20 (10.17 %),4600,59900000,0,0,11.8,12.3,13.4,12.2,12.26
2020-07-20,13,13,0.00 (0.00 %),0,0,0,0,13,13,13,13,12.26
2020-07-21,11.79,12.5,-0.50 (-3.85 %),5800,72500000,0,0,13,12.5,12.5,12.5,11.79
2020-07-22,12.54,13.3,0.80 (6.40 %),1402,18642200,0,0,12.5,13.3,13.3,13.3,12.54
2020-07-23,11.69,12.4,-0.90 (-6.77 %),500,6200000,0,0,13.3,12.4,12.4,12.4,11.69
2020-07-24,11.69,12.4,0.00 (0.00 %),10500,130200000,0,0,12.4,12.4,12.4,12.4,11.69
2020-07-27,12.4,12.4,0.00 (0.00 %),0,0,0,0,12.4,12.4,12.4,12.4,11.69
2020-07-28,11.7,12.7,0.30 (2.42 %),3700,45900000,0,0,12.4,11,12.7,11,11.97
2020-07-29,10.37,11,-1.40 (-11.29 %),500,5500000,0,0,12.4,11,11,11,10.37
2020-07-30,11.6,12.3,1.30 (11.82 %),2100,25830000,0,0,11,12.3,12.3,12.3,11.6
2020-07-31,10.56,11.2,-1.10 (-8.94 %),1000,11200000,0,0,12.3,11.2,11.2,11.2,10.56
2020-08-03,11.5,12.2,1.00 (8.93 %),1000,12200000,0,0,11.2,12.2,12.2,12.2,11.5
2020-08-04,12.54,13.3,1.10 (9.02 %),1000,13300000,0,0,12.2,13.3,13.3,13.3,12.54
2020-08-05,11.03,11.7,-1.60 (-12.03 %),1010,11829000,0,0,13.3,11.7,11.7,11.7,11.03
2020-08-06,12.07,12.8,1.10 (9.40 %),1000,12800000,0,0,11.7,12.8,12.8,12.8,12.07
2020-08-07,11.22,11.9,-0.90 (-7.03 %),1000,11900000,0,0,12.8,11.9,11.9,11.9,11.22
2020-08-10,11.31,12,0.10 (0.84 %),2810,33727000,0,0,11.9,12,12,12,11.31
2020-08-11,11.31,12,0.00 (0.00 %),600,7200000,0,0,12,12,12,12,11.31
2020-08-12,12.07,12.8,0.80 (6.67 %),1000,12800000,0,0,12,12.8,12.8,12.8,12.07
2020-08-13,11.59,12.5,-0.30 (-2.34 %),1500,18430000,0,0,12.8,12,12.5,11.9,11.79
2020-08-14,12.35,13.2,0.90 (7.32 %),4228,55304000,0,0,12.3,12.9,13.2,12.9,12.45
2020-08-17,13.1,13.1,0.00 (0.00 %),50,610000,0,0,13.1,13.1,13.1,13.1,12.35
2020-08-18,13.12,14.2,1.10 (8.40 %),1600,22270000,0,0,13.1,14,14.2,13.5,13.39
2020-08-19,13.16,13,-0.90 (-6.47 %),1200,16750000,0,0,13.9,14.2,14.2,13,12.26
2020-08-20,12.69,14.1,0.10 (0.71 %),2000,26920000,0,0,14,14.2,14.2,13.1,13.29
2020-08-21,11.97,12.7,-0.80 (-5.93 %),150,1879000,0,0,13.5,12.7,12.7,12.7,11.97
2020-08-24,11.07,12,-0.70 (-5.51 %),1411,16578000,0,0,12.7,11.1,12,11.1,11.31
2020-08-25,12.02,12.9,1.20 (10.26 %),5010,63877000,0,0,11.7,13.3,13.3,12.5,12.16
2020-08-26,12.34,12.5,-0.30 (-2.34 %),2011,26312000,0,0,12.8,13.4,13.4,12.5,11.79
2020-08-27,13.1,13.1,0.00 (0.00 %),7,87500,0,0,13.1,13.1,13.1,13.1,12.35
2020-08-28,13.1,13.1,0.00 (0.00 %),0,0,0,0,13.1,13.1,13.1,13.1,12.35
2020-08-31,12.45,13.2,0.10 (0.76 %),100,1320000,0,0,13.1,13.2,13.2,13.2,12.45
2020-09-01,12.07,12.8,-0.40 (-3.03 %),1600,20480000,0,0,13.2,12.8,12.8,12.8,12.07
2020-09-03,12.07,12.8,0.00 (0.00 %),2700,34560000,0,0,12.8,12.8,12.8,12.8,12.07
2020-09-04,12.24,13.1,0.30 (2.34 %),1400,18180000,0,0,12.8,12.7,13.1,12.7,12.35
2020-09-07,13,13,0.00 (0.00 %),0,0,0,0,13,13,13,13,12.26
2020-09-08,13,13,0.00 (0.00 %),0,0,0,0,13,13,13,13,12.26
2020-09-09,11.97,12.7,-0.30 (-2.31 %),100,1270000,0,0,13,12.7,12.7,12.7,11.97
2020-09-10,12.45,12.8,0.10 (0.79 %),200,2640000,0,0,12.7,13.6,13.6,12.8,12.07
2020-09-11,12.45,13.2,0.00 (0.00 %),100,1320000,0,0,13.2,13.2,13.2,13.2,12.45
2020-09-14,12.4,13.3,0.10 (0.76 %),1100,14470000,0,0,13.2,11.7,13.3,11.7,12.54
2020-09-15,12.79,13.9,0.70 (5.30 %),2800,37990000,0,0,13.2,12.9,14,12.9,13.11
2020-09-16,12.85,13.8,0.20 (1.47 %),600,8180000,0,0,13.6,13.6,13.8,13.6,13.01
2020-09-17,13.6,13.6,0.00 (0.00 %),0,0,0,0,13.6,13.6,13.6,13.6,12.82
2020-09-18,12.93,13.6,0.00 (0.00 %),1109,15212400,0,0,13.6,14.9,14.9,13.6,12.82
2020-09-21,13.7,13.7,0.00 (0.00 %),0,0,0,0,13.7,13.7,13.7,13.7,12.92
2020-09-22,12.49,13,-0.70 (-5.11 %),4000,52980000,0,0,13.7,13.9,13.9,13,12.26
2020-09-23,12.43,13.4,0.20 (1.52 %),2200,29000000,0,0,13.2,13,13.4,13,12.63
2020-09-24,13.2,13.2,0.00 (0.00 %),0,0,0,0,13.2,13.2,13.2,13.2,12.45
2020-09-25,11.6,12.3,-0.90 (-6.82 %),200,2460000,0,0,13.2,12.3,12.3,12.3,11.6
2020-09-28,12.45,13.2,0.90 (7.32 %),100,1320000,0,0,12.3,13.2,13.2,13.2,12.45
2020-09-29,11.69,12.4,-0.80 (-6.06 %),126,1585800,0,0,13.2,12.4,12.4,12.4,11.69
2020-09-30,11.96,12.8,0.40 (3.23 %),2100,26630000,0,0,12.4,12.5,12.8,12.5,12.07
2020-10-01,12.07,12.8,0.10 (0.79 %),500,6400000,0,0,12.7,12.8,12.8,12.8,12.07
2020-10-02,12.25,13.4,0.60 (4.69 %),5111,66423000,0,0,12.8,12.9,13.4,12.7,12.63
2020-10-05,13,13,0.00 (0.00 %),0,0,0,0,13,13,13,13,12.26
2020-10-06,13,13,0.00 (0.00 %),0,0,0,0,13,13,13,13,12.26
2020-10-07,13,13,0.00 (0.00 %),0,0,0,0,13,13,13,13,12.26
2020-10-08,13,13,0.00 (0.00 %),0,0,0,0,13,13,13,13,12.26
2020-10-09,13,13,0.00 (0.00 %),0,0,0,0,13,13,13,13,12.26
2020-10-12,13,13,0.00 (0.00 %),11,143000,0,0,13,13,13,13,12.26
2020-10-13,13,13,0.00 (0.00 %),0,0,0,0,13,13,13,13,12.26
2020-10-14,13,13,0.00 (0.00 %),0,0,0,0,13,13,13,13,12.26
2020-10-15,13,13,0.00 (0.00 %),0,0,0,0,13,13,13,13,12.26
2020-10-16,12.35,13.1,0.10 (0.77 %),7000,91700000,0,0,13,13.1,13.1,13.1,12.35
2020-10-19,13.1,13.1,0.00 (0.00 %),0,0,0,0,13.1,13.1,13.1,13.1,12.35
2020-10-20,13.1,13.1,0.00 (0.00 %),0,0,0,0,13.1,13.1,13.1,13.1,12.35
2020-10-21,13.1,13.1,0.00 (0.00 %),0,0,0,0,13.1,13.1,13.1,13.1,12.35
2020-10-22,13.1,13.1,0.00 (0.00 %),0,0,0,0,13.1,13.1,13.1,13.1,12.35
2020-10-23,12.35,13.1,0.00 (0.00 %),100,1310000,0,0,13.1,13.1,13.1,13.1,12.35
2020-10-26,13.1,13.1,0.00 (0.00 %),0,0,0,0,13.1,13.1,13.1,13.1,12.35
2020-10-27,13.1,13.1,0.00 (0.00 %),0,0,0,0,13.1,13.1,13.1,13.1,12.35
2020-10-28,13.1,13.1,0.00 (0.00 %),0,0,0,0,13.1,13.1,13.1,13.1,12.35
2020-10-29,13.1,13.1,0.00 (0.00 %),0,0,0,0,13.1,13.1,13.1,13.1,12.35
2020-10-30,13.1,13.1,0.00 (0.00 %),0,0,0,0,13.1,13.1,13.1,13.1,12.35
2020-11-02,12.45,13.2,0.10 (0.76 %),7900,104300000,0,0,13.1,13.1,13.3,13.1,12.45
2020-11-03,13.2,13.2,0.00 (0.00 %),0,0,0,0,13.2,13.2,13.2,13.2,12.45
2020-11-04,13.2,13.2,0.00 (0.00 %),0,0,0,0,13.2,13.2,13.2,13.2,12.45
2020-11-05,13.2,13.2,0.00 (0.00 %),0,0,0,0,13.2,13.2,13.2,13.2,12.45
2020-11-06,13.11,13.9,0.70 (5.30 %),2000,27800000,0,0,13.2,13.9,13.9,13.9,13.11
2020-11-09,14.9,15.8,1.90 (13.67 %),1000,15800000,0,0,13.9,15.8,15.8,15.8,14.9
2020-11-10,15.8,15.8,0.00 (0.00 %),0,0,0,0,15.8,15.8,15.8,15.8,14.9
2020-11-11,13.8,14.9,-0.90 (-5.70 %),500,7320000,0,0,15.8,13.6,14.9,13.6,14.05
2020-11-12,14.6,14.6,0.00 (0.00 %),0,0,0,0,14.6,14.6,14.6,14.6,13.77
2020-11-13,14.6,14.6,0.00 (0.00 %),0,0,0,0,14.6,14.6,14.6,14.6,13.77
2020-11-16,14.6,14.6,0.00 (0.00 %),0,0,0,0,14.6,14.6,14.6,14.6,13.77
2020-11-17,13.58,14.4,-0.20 (-1.37 %),101,1456700,0,0,14.6,14.4,14.4,14.4,13.58
2020-11-18,13.39,14.2,-0.20 (-1.39 %),200,2840000,0,0,14.4,14.2,14.2,14.2,13.39
2020-11-19,12.26,13,-1.20 (-8.45 %),200,2600000,0,0,14.2,13,13,13,12.26
2020-11-24,12.35,13.1,0.00 (0.00 %),100,1310000,0,0,13.1,13.1,13.1,13.1,12.35
2020-11-25,13.1,13.1,0.00 (0.00 %),0,0,0,0,13.1,13.1,13.1,13.1,12.35
2020-11-26,12.54,13.3,0.20 (1.53 %),200,2660000,0,0,13.1,13.3,13.3,13.3,12.54
2020-11-27,13.2,14,0.70 (5.26 %),100,1400000,0,0,13.3,14,14,14,13.2
2020-11-30,14,14,0.00 (0.00 %),0,0,0,0,14,14,14,14,13.2
2020-12-01,12.45,13.2,-0.80 (-5.71 %),1000,13200000,0,0,14,13.2,13.2,13.2,12.45
2020-12-02,12.87,13.8,0.60 (4.55 %),400,5460000,0,0,13.2,13.5,13.8,13.5,13.01
2020-12-03,12.98,13.9,0.20 (1.46 %),2900,39910000,0,0,13.7,13.7,13.9,13.7,13.11
2020-12-04,13.48,14.3,0.50 (3.62 %),100,1430000,0,0,13.8,14.3,14.3,14.3,13.48
2020-12-07,13.86,14.7,0.40 (2.80 %),100,1470000,0,0,14.3,14.7,14.7,14.7,13.86
2020-12-08,14.7,14.7,0.00 (0.00 %),0,0,0,0,14.7,14.7,14.7,14.7,13.86
2020-12-09,14.7,14.7,0.00 (0.00 %),0,0,0,0,14.7,14.7,14.7,14.7,13.86
2020-12-10,13.86,14.7,0.00 (0.00 %),10000,147000000,0,0,14.7,14.7,14.7,14.7,13.86
2020-12-11,14.7,14.7,0.00 (0.00 %),0,0,0,0,14.7,14.7,14.7,14.7,13.86
2020-12-14,14.7,14.7,0.00 (0.00 %),0,0,0,0,14.7,14.7,14.7,14.7,13.86
2020-12-15,14.7,14.7,0.00 (0.00 %),0,0,0,0,14.7,14.7,14.7,14.7,13.86
2020-12-17,13.48,14.3,-0.40 (-2.72 %),100,1430000,0,0,14.7,14.3,14.3,14.3,13.48
2020-12-18,13.14,13.9,-0.40 (-2.80 %),2800,39030000,0,0,14.3,14.1,14.1,13.9,13.11
2020-12-21,13.11,13.9,0.00 (0.00 %),500,6950000,0,0,13.9,13.9,13.9,13.9,13.11
2020-12-22,13.9,13.9,0.00 (0.00 %),0,0,0,0,13.9,13.9,13.9,13.9,13.11
2020-12-23,13.9,13.9,0.00 (0.00 %),1,14500,0,0,13.9,13.9,13.9,13.9,13.11
2020-12-24,13.9,13.9,0.00 (0.00 %),0,0,0,0,13.9,13.9,13.9,13.9,13.11
2020-12-25,13.9,13.9,0.00 (0.00 %),0,0,0,0,13.9,13.9,13.9,13.9,13.11
2020-12-28,13.67,14.5,0.60 (4.32 %),300,4350000,0,0,13.9,14.5,14.5,14.5,13.67
2020-12-29,14.5,14.5,0.00 (0.00 %),0,0,0,0,14.5,14.5,14.5,14.5,13.67
2020-12-31,13.29,14.1,0.00 (0.00 %),100,1410000,0,0,14.1,14.1,14.1,14.1,13.29
2021-01-04,13.29,14.1,0.00 (0.00 %),1300,18330000,0,0,14.1,14.1,14.1,14.1,13.29
2021-01-05,14.1,14.1,0.00 (0.00 %),0,0,0,0,14.1,14.1,14.1,14.1,13.29
2021-01-06,12.93,13.7,-0.40 (-2.84 %),1100,15080000,0,0,14.1,13.8,13.8,13.7,12.92
2021-01-07,12.96,13.5,-0.20 (-1.46 %),1700,23360000,0,0,13.7,14.1,14.1,13.5,12.73
2021-01-08,12.92,13.6,-0.10 (-0.73 %),5600,76710000,0,0,13.7,13.7,13.7,13.6,12.82
2021-01-11,12.35,13.6,-0.10 (-0.73 %),1200,15720000,0,0,13.7,13,13.6,13,12.82
2021-01-12,13.1,13.1,0.00 (0.00 %),0,0,0,0,13.1,13.1,13.1,13.1,12.35
2021-01-13,12.96,13.8,0.70 (5.34 %),200,2750000,0,0,13.1,13.7,13.8,13.7,13.01
2021-01-14,13.01,13.8,0.00 (0.00 %),500,6900000,0,0,13.8,13.8,13.8,13.8,13.01
2021-01-15,13.01,13.8,0.00 (0.00 %),500,6900000,0,0,13.8,13.8,13.8,13.8,13.01
2021-01-18,13.2,14,0.20 (1.45 %),200,2800000,0,0,13.8,14,14,14,13.2
2021-01-19,13.15,14.5,0.50 (3.57 %),1200,16730000,0,0,14,13.7,14.5,13.7,13.67
2021-01-20,12.93,13.6,-0.30 (-2.16 %),1100,15080000,0,0,13.9,13.7,13.8,13.6,12.82
2021-01-21,13.77,14.6,0.90 (6.57 %),200,2920000,0,0,13.7,14.6,14.6,14.6,13.77
2021-01-22,13.01,13.8,-0.80 (-5.48 %),3200,44160000,0,0,14.6,13.8,13.8,13.8,13.01
2021-01-25,13.06,13.9,0.10 (0.72 %),200,2770000,0,0,13.8,13.8,13.9,13.8,13.11
2021-01-26,13.9,13.9,0.00 (0.00 %),1,11900,0,0,13.9,13.9,13.9,13.9,13.11
2021-01-27,12.66,13.9,0.00 (0.00 %),2600,34920000,0,0,13.9,13.7,13.9,13.1,13.11
2021-01-28,12.64,13.2,-0.20 (-1.49 %),3000,40210000,0,0,13.4,13.4,13.5,13.2,12.45
2021-01-29,12.59,13.3,-0.10 (-0.75 %),200,2670000,0,0,13.4,13.4,13.4,13.3,12.54
2021-02-01,12.64,13.4,0.00 (0.00 %),1100,14750000,0,0,13.4,13.5,13.5,13.4,12.63
2021-02-02,12.26,13,-0.40 (-2.99 %),200,2600000,0,0,13.4,13,13,13,12.26
2021-02-03,12.42,13.1,0.10 (0.77 %),1500,19750000,0,0,13,13.2,13.2,13.1,12.35
2021-02-04,13.2,13.2,0.00 (0.00 %),0,0,0,0,13.2,13.2,13.2,13.2,12.45
2021-02-05,13.2,13.2,0.00 (0.00 %),0,0,0,0,13.2,13.2,13.2,13.2,12.45
2021-02-09,12.54,13.3,0.10 (0.76 %),1000,13300000,0,0,13.2,13.3,13.3,13.3,12.54
2021-02-17,13.06,13.8,0.50 (3.76 %),400,5540000,0,0,13.3,13.8,13.9,13.8,13.01
2021-02-18,13.38,14.2,0.30 (2.16 %),4100,58200000,0,0,13.9,14,14.2,14,13.39
2021-02-19,14.2,14.2,0.00 (0.00 %),0,0,0,0,14.2,14.2,14.2,14.2,13.39
2021-02-22,14.2,14.2,0.00 (0.00 %),0,0,0,0,14.2,14.2,14.2,14.2,13.39
2021-02-23,13.27,14,-0.20 (-1.41 %),2700,38000000,0,0,14.2,14.2,14.2,14,13.2
2021-02-24,13.29,14.2,0.10 (0.71 %),300,4230000,0,0,14.1,14.1,14.2,14,13.39
2021-02-25,13.2,14,-0.10 (-0.71 %),1100,15400000,0,0,14.1,14,14,14,13.2
2021-02-26,14,14,0.00 (0.00 %),0,0,0,0,14,14,14,14,13.2
2021-03-01,13.2,14,0.00 (0.00 %),2900,40600000,0,0,14,14,14,14,13.2
2021-03-02,13.16,13.9,-0.10 (-0.71 %),900,12560000,0,0,14,14,14,13.9,13.11
2021-03-03,14,14,0.00 (0.00 %),0,0,0,0,14,14,14,14,13.2
2021-03-04,13.06,13.9,-0.10 (-0.71 %),10800,149580000,0,0,14,14,14.1,13.8,13.11
2021-03-05,13.9,13.9,0.00 (0.00 %),0,0,0,0,13.9,13.9,13.9,13.9,13.11
2021-03-08,13.28,14.5,0.60 (4.32 %),700,9860000,0,0,13.9,13.8,14.5,13.8,13.67
2021-03-09,13.11,13.9,-0.20 (-1.42 %),200,2780000,0,0,14.1,13.9,13.9,13.9,13.11
2021-03-10,13.17,14,0.10 (0.72 %),1200,16760000,0,0,13.9,14,14,13.9,13.2
2021-03-11,13.17,14,0.00 (0.00 %),1400,19550000,0,0,14,13.9,14.1,13.9,13.2
2021-03-12,14,14,0.00 (0.00 %),0,0,0,0,14,14,14,14,13.2
2021-03-15,13.19,14,0.00 (0.00 %),1200,16790000,0,0,14,13.9,14,13.9,13.2
2021-03-16,13.39,14.5,0.50 (3.57 %),8700,123550000,0,0,14,14.1,14.5,14,13.67
2021-03-17,14.27,15.5,1.30 (9.15 %),8100,122550000,0,0,14.2,15,15.5,15,14.62
2021-03-18,15.1,15.1,0.00 (0.00 %),0,0,0,0,15.1,15.1,15.1,15.1,14.24
2021-03-19,13.67,14.5,-0.60 (-3.97 %),100,1450000,0,0,15.1,14.5,14.5,14.5,13.67
2021-03-22,13.94,14.5,0.00 (0.00 %),1507,22282200,0,0,14.5,16.5,16.5,14.5,13.67
2021-03-23,13.41,14.2,-0.60 (-4.05 %),3900,55480000,0,0,14.8,14.3,14.3,14.2,13.39
2021-03-24,13.2,14,-0.20 (-1.41 %),1100,15400000,0,0,14.2,14,14,14,13.2
2021-03-25,13.67,14.5,0.50 (3.57 %),100,1450000,0,0,14,14.5,14.5,14.5,13.67
2021-03-29,15.43,15.7,0.70 (4.67 %),900,14730000,0,0,15,15,17.2,15,14.8
2021-03-30,15.94,16.9,0.50 (3.05 %),100,1690000,0,0,16.4,16.9,16.9,16.9,15.94
2021-03-31,14.8,15.5,-1.40 (-8.28 %),9400,147560000,0,0,16.9,16.9,16.9,15.5,14.62
2021-04-01,14.75,15.4,-0.30 (-1.91 %),2100,32840000,0,0,15.7,18,18,15.4,14.52
2021-04-02,14.33,15,-0.60 (-3.85 %),8100,123100000,0,0,15.6,15.5,15.7,15,14.14
2021-04-05,14.33,15.2,0.00 (0.00 %),6200,94200000,0,0,15.2,15,15.2,15,14.33
2021-04-06,15.83,16.8,1.60 (10.53 %),17528,294295600,0,0,15.2,16.9,16.9,16.3,15.84
2021-04-07,16.03,17,0.20 (1.19 %),600,10200000,0,0,16.8,17,17,17,16.03
2021-04-08,15.09,16,-1.00 (-5.88 %),100,1600000,0,0,17,16,16,16,15.09
2021-04-12,14.99,15.9,0.40 (2.58 %),200,3180000,0,0,15.5,15.9,15.9,15.9,14.99
2021-04-13,14.99,15.9,0.00 (0.00 %),1500,23850000,0,0,15.9,15.9,15.9,15.9,14.99
2021-04-14,15.65,16,0.10 (0.63 %),13500,224040000,0,0,15.9,16.6,16.7,16,15.09
2021-04-16,14.99,14.1,-2.40 (-14.55 %),400,6360000,0,0,16.5,16.5,16.5,14.1,13.29
2021-04-19,15.84,16.8,0.90 (5.66 %),300,5040000,0,0,15.9,16.8,16.8,16.8,15.84
2021-04-20,15.75,16.5,-0.30 (-1.79 %),300,5010000,0,0,16.8,16.8,16.8,16.5,15.56
2021-04-22,16.7,16.7,0.00 (0.00 %),0,0,0,0,16.7,16.7,16.7,16.7,15.75
2021-04-23,15.78,16.9,0.20 (1.20 %),1100,18410000,0,0,16.7,16.5,16.9,16.5,15.94
2021-04-26,15.94,16.9,0.20 (1.20 %),1200,20280000,0,0,16.7,16.9,16.9,16.9,15.94
2021-04-27,16.9,16.9,0.00 (0.00 %),0,0,0,0,16.9,16.9,16.9,16.9,15.94
2021-04-28,15.94,16.9,0.00 (0.00 %),1000,16900000,0,0,16.9,16.9,16.9,16.9,15.94
2021-04-29,16.9,16.9,0.00 (0.00 %),0,0,0,0,16.9,16.9,16.9,16.9,15.94
2021-05-04,16.9,16.9,0.00 (0.00 %),0,0,0,0,16.9,16.9,16.9,16.9,15.94
2021-05-05,13.8,14.4,-2.50 (-14.79 %),1100,16100000,0,0,16.9,14.4,15.3,14.4,13.58
2021-05-06,14.24,16,1.40 (9.59 %),1400,21140000,0,0,14.6,14.6,16,14.6,15.09
2021-05-07,14.66,15.5,0.40 (2.65 %),2200,34200000,0,0,15.1,16,16,15.5,14.62
2021-05-10,14.62,15.5,0.00 (0.00 %),100,1550000,0,0,15.5,15.5,15.5,15.5,14.62
2021-05-11,14.61,15.5,0.00 (0.00 %),5100,79000000,0,0,15.5,15,15.5,15,14.62
2021-05-12,14.62,15.5,0.00 (0.00 %),500,7750000,0,0,15.5,15.5,15.5,15.5,14.62
2021-05-13,15.09,16,0.50 (3.23 %),400,6400000,0,0,15.5,16,16,16,15.09
2021-05-14,13.24,15.8,-0.20 (-1.25 %),1000,14040000,0,0,16,13.6,15.8,13.6,14.9
2021-05-17,14,14,0.00 (0.00 %),0,0,0,0,14,14,14,14,13.2
2021-05-18,14.91,14.5,1.30 (9.85 %),7800,116300000,0,0,13.2,15,15,14.5,14.5
2021-05-19,16.23,15.9,1.00 (6.71 %),300,4870000,0,0,14.9,16.9,16.9,15.9,15.9
2021-05-20,15.53,15,-1.20 (-7.41 %),300,4660000,0,0,16.2,15.8,15.8,15,15
2021-05-21,14.8,14.8,-0.70 (-4.52 %),10100,149680000,0,0,15.5,15.5,15.5,14.8,14.8
2021-05-24,14.8,14.8,0.00 (0.00 %),900,13320000,0,0,14.8,14.8,14.8,14.8,14.8
2021-05-25,14.5,14.5,-0.30 (-2.03 %),12000,174000000,0,0,14.8,14.5,14.5,14.5,14.5
2021-05-26,14.5,14.5,0.00 (0.00 %),0,0,0,0,14.5,14.5,14.5,14.5,14.5
2021-05-27,13,13,-1.50 (-10.34 %),100,1300000,0,0,14.5,13,13,13,13
2021-05-28,14.5,14.5,1.50 (11.54 %),4600,66400000,0,0,13,13,14.5,13,14.5
2021-05-31,14.4,14.4,0.00 (0.00 %),0,0,0,0,14.4,14.4,14.4,14.4,14.4
2021-06-01,14.4,14.4,0.00 (0.00 %),0,0,0,0,14.4,14.4,14.4,14.4,14.4
2021-06-02,16,16,1.60 (11.11 %),3100,47660000,0,0,14.4,14.3,16,14.3,16
2021-06-03,15.4,15.4,0.00 (0.00 %),7600,117040000,0,0,15.4,15.4,15.4,15.4,15.4
2021-06-04,15.4,15.4,0.00 (0.00 %),0,0,0,0,15.4,15.4,15.4,15.4,15.4
2021-06-07,15.4,15.4,0.00 (0.00 %),1000,15400000,0,0,15.4,15.4,15.4,15.4,15.4
2021-06-08,15,15,-0.40 (-2.60 %),500,7500000,0,0,15.4,15,15,15,15
2021-06-09,15,15,0.00 (0.00 %),5400,81000000,0,0,15,15,15,15,15
2021-06-10,15,15,0.00 (0.00 %),0,0,0,0,15,15,15,15,15
2021-06-11,15,15,0.00 (0.00 %),300,4730000,0,0,15,16.5,16.5,15,15
2021-06-14,15,15,-0.80 (-5.06 %),100,1500000,0,0,15.8,15,15,15,15
2021-06-15,15,15,0.00 (0.00 %),300,4500000,0,0,15,15,15,15,15
2021-06-16,15,15,0.00 (0.00 %),0,0,0,0,15,15,15,15,15
2021-06-17,15,15,0.00 (0.00 %),0,0,0,0,15,15,15,15,15
2021-06-18,14.2,14.2,-0.80 (-5.33 %),6000,84900000,0,0,15,14,14.2,14,14.2
2021-06-22,15,15,0.50 (3.45 %),900,13450000,0,0,14.5,14.9,15,14.9,15
2021-06-23,14,14,-0.90 (-6.04 %),3100,43460000,0,0,14.9,14.5,14.5,14,14
2021-06-24,14,14,0.00 (0.00 %),3000,42000000,0,0,14,14,14,14,14
2021-06-25,14.2,14.2,0.20 (1.43 %),400,5660000,0,0,14,14,14.2,14,14.2
2021-06-28,14.2,14.2,0.00 (0.00 %),0,0,0,0,14.2,14.2,14.2,14.2,14.2
2021-06-29,14.2,14.2,0.00 (0.00 %),1900,26640000,0,0,14.2,14,14.2,14,14.2
2021-06-30,14,14,0.00 (0.00 %),0,0,0,0,14,14,14,14,14
2021-07-01,14.5,14.5,0.50 (3.57 %),1100,15910000,0,0,14,14.1,14.5,14.1,14.5
2021-07-02,15,15,0.50 (3.45 %),1000,14990000,0,0,14.5,14.9,15,14.9,15
2021-07-05,14.7,14.7,-0.30 (-2.00 %),2400,37950000,0,0,15,15,17.1,14.7,14.7
2021-07-06,15,15,-0.80 (-5.06 %),200,2980000,0,0,15.8,14.8,15,14.8,15
2021-07-07,14.9,14.9,0.00 (0.00 %),0,0,0,0,14.9,14.9,14.9,14.9,14.9
2021-07-08,14.9,14.9,0.00 (0.00 %),0,0,0,0,14.9,14.9,14.9,14.9,14.9
2021-07-09,15,15,0.10 (0.67 %),1400,20500000,0,0,14.9,14.5,15,14.5,15
2021-07-12,14.5,14.5,-0.10 (-0.68 %),10300,149350000,0,0,14.6,14.5,14.5,14.5,14.5
2021-07-13,14.5,14.5,0.00 (0.00 %),0,0,0,0,14.5,14.5,14.5,14.5,14.5
2021-07-14,14.5,14.5,0.00 (0.00 %),0,0,0,0,14.5,14.5,14.5,14.5,14.5
2021-07-15,14.6,14.6,0.10 (0.69 %),200,2920000,0,0,14.5,14.6,14.6,14.6,14.6
2021-07-16,14.6,14.6,0.00 (0.00 %),0,0,0,0,14.6,14.6,14.6,14.6,14.6
2021-07-19,14.5,14.5,-0.10 (-0.68 %),14500,210040000,0,0,14.6,14.1,14.5,14.1,14.5
2021-07-20,14.5,14.5,0.00 (0.00 %),0,0,0,0,14.5,14.5,14.5,14.5,14.5
2021-07-21,14.3,14.3,-0.20 (-1.38 %),2700,38610000,0,0,14.5,14.3,14.3,14.3,14.3
2021-07-22,14.3,14.3,0.00 (0.00 %),200,2860000,0,0,14.3,14.3,14.3,14.3,14.3
2021-07-23,13,13,-1.30 (-9.09 %),400,5200000,0,0,14.3,13,13,13,13
2021-07-26,13,13,0.00 (0.00 %),0,0,0,0,13,13,13,13,13
2021-07-27,12.1,12.1,-0.90 (-6.92 %),1000,12100000,0,0,13,12.1,12.1,12.1,12.1
2021-07-28,13.9,13.9,1.80 (14.88 %),500,6950000,0,0,12.1,13.9,13.9,13.9,13.9
2021-07-29,13.9,13.9,0.00 (0.00 %),0,0,0,0,13.9,13.9,13.9,13.9,13.9
2021-07-30,14,14,0.10 (0.72 %),21100,295400000,0,0,13.9,14,14,14,14
2021-08-02,14.3,14.3,0.30 (2.14 %),24200,341880000,0,0,14,14.1,14.3,14.1,14.3
2021-08-03,14.1,14.1,0.00 (0.00 %),0,0,0,0,14.1,14.1,14.1,14.1,14.1
2021-08-04,14.2,14.2,0.10 (0.71 %),1700,24200000,0,0,14.1,14.5,14.5,14.2,14.2
2021-08-05,14.3,14.3,0.10 (0.70 %),25600,366280000,0,0,14.2,14.3,14.5,14.3,14.3
2021-08-06,14.5,14.5,0.20 (1.40 %),4900,70630000,0,0,14.3,14.3,14.5,14.3,14.5
2021-08-09,14.4,14.4,0.00 (0.00 %),0,0,0,0,14.4,14.4,14.4,14.4,14.4
2021-08-10,15.8,15.8,1.40 (9.72 %),185300,2745440000,0,0,14.4,14.5,15.8,14.5,15.8
2021-08-11,16.2,16.2,1.40 (9.46 %),36800,599230000,0,0,14.8,15.8,16.5,15.8,16.2
2021-08-12,16.8,16.8,0.50 (3.07 %),19700,328170000,0,0,16.3,16.3,17,16.3,16.8
2021-08-13,16,16,-0.70 (-4.19 %),6600,106880000,0,0,16.7,16.5,16.7,16,16
2021-08-16,15.2,15.2,-1.00 (-6.17 %),25000,384770000,0,0,16.2,16.8,16.8,14.6,15.2
2021-08-17,14.4,14.4,-1.00 (-6.49 %),40100,584380000,0,0,15.4,14.9,15,14.3,14.4
2021-08-18,14.9,14.9,0.30 (2.05 %),4100,59780000,0,0,14.6,14.6,14.9,14.5,14.9
2021-08-19,14.9,14.9,0.30 (2.05 %),11000,163680000,0,0,14.6,14.9,14.9,14.8,14.9
2021-08-20,14.9,14.9,0.00 (0.00 %),27700,404680000,0,0,14.9,14.9,14.9,14.4,14.9
2021-08-23,14.7,14.7,0.10 (0.68 %),3000,44290000,0,0,14.6,14.9,14.9,14.5,14.7
2021-08-24,14.4,14.4,-0.40 (-2.70 %),2300,32890000,0,0,14.8,14.4,14.4,14.2,14.4
2021-08-25,14.7,14.7,0.40 (2.80 %),3500,50780000,0,0,14.3,14.3,14.7,14.2,14.7
2021-08-26,15,15,0.50 (3.45 %),8200,121370000,0,0,14.5,14.5,15,14.5,15
2021-08-27,15,15,0.20 (1.35 %),6900,102610000,0,0,14.8,14.8,15,14.7,15
2021-08-30,15.3,15.3,0.40 (2.68 %),5500,83160000,0,0,14.9,15,15.3,15,15.3
2021-08-31,15.7,15.7,0.60 (3.97 %),11700,179150000,0,0,15.1,15.1,15.7,15.1,15.7
2021-09-01,17.5,17.5,2.20 (14.38 %),39700,670010000,0,0,15.3,16,17.5,15.7,17.5
2021-09-06,19.4,19.4,2.50 (14.79 %),25530,492963300,0,0,16.9,17.4,19.4,17.4,19.4
2021-09-07,21,21,1.70 (8.81 %),6900,137570000,0,0,19.3,20,22,19.3,21
2021-09-08,19.5,19.5,-0.40 (-2.01 %),4100,77420000,0,0,19.9,19.4,19.5,18,19.5
2021-09-09,19.5,19.5,0.60 (3.17 %),1800,33930000,0,0,18.9,17.8,19.5,17.8,19.5
2021-09-10,19.5,19.5,0.60 (3.17 %),9200,183000000,0,0,18.9,20,20,19.5,19.5
2021-09-13,18,18,-1.90 (-9.55 %),3500,63130000,0,0,19.9,19.5,19.5,17.7,18
2021-09-14,19,19,1.00 (5.56 %),9100,176100000,0,0,18,18.3,19.5,18.3,19
2021-09-15,19.4,19.4,0.00 (0.00 %),2313,44029000,0,0,19.4,18,19.4,18,19.4
2021-09-16,19.4,19.4,0.40 (2.11 %),7700,143500000,0,0,19,19,19.4,17,19.4
2021-09-17,18.1,18.1,-0.50 (-2.69 %),7400,140790000,0,0,18.6,19,19.5,18.1,18.1
2021-09-20,19,19,0.00 (0.00 %),6300,118890000,0,0,19,19.3,19.3,18.2,19
2021-09-21,18.6,18.6,-0.30 (-1.59 %),7400,134290000,0,0,18.9,18.3,18.8,18,18.6
2021-09-22,18.9,18.9,0.80 (4.42 %),18300,325620000,0,0,18.1,18.1,19.4,17.5,18.9
2021-09-23,17.9,17.9,0.10 (0.56 %),15800,282860000,0,0,17.8,18,18.7,17.8,17.9
2021-09-24,18.4,18.4,0.50 (2.79 %),14100,252440000,0,0,17.9,17.9,18.4,17.9,18.4
2021-09-27,17.6,17.6,-0.30 (-1.68 %),5500,95670000,0,0,17.9,18,18.2,16.5,17.6
2021-09-28,17.7,17.7,0.30 (1.72 %),6700,119800000,0,0,17.4,17.9,18,17.7,17.7
2021-09-29,18,18,0.10 (0.56 %),9000,158000000,0,0,17.9,16.2,18,16.2,18
2021-09-30,17.6,17.6,0.00 (0.00 %),10000,176500000,0,0,17.6,17.6,17.7,17.6,17.6
2021-10-01,17.6,17.6,-0.10 (-0.56 %),8500,149910000,0,0,17.7,18,18,17.6,17.6
2021-10-04,18,18,0.40 (2.27 %),11600,208670000,0,0,17.6,17.8,18,17.8,18
2021-10-05,18,18,0.00 (0.00 %),400,7200000,0,0,18,18,18,18,18
2021-10-06,18,18,0.00 (0.00 %),2010,36160000,0,0,18,18,18,18,18
2021-10-07,18,18,0.00 (0.00 %),13400,240960000,0,0,18,18,18,17.8,18
2021-10-08,17.8,17.8,-0.20 (-1.11 %),2300,40840000,0,0,18,17.7,17.8,17.7,17.8
2021-10-11,18,18,0.20 (1.12 %),2100,37760000,0,0,17.8,17.8,18,17.8,18
2021-10-12,18,18,0.00 (0.00 %),1700,30580000,0,0,18,18,18,17.9,18
2021-10-13,18,18,0.00 (0.00 %),3200,57580000,0,0,18,18,18,17.9,18
2021-10-14,18.3,18.3,0.30 (1.67 %),2100,37990000,"11,000","198,000,000",18,18.4,18.4,18,18.3
2021-10-15,20.5,20.5,2.40 (13.26 %),1100,21250000,0,0,18.1,18.5,20.5,18.5,20.5
2021-10-18,19.3,19.3,0.00 (0.00 %),0,0,0,0,19.3,19.3,19.3,19.3,19.3
2021-10-19,18,18,-1.30 (-6.74 %),100,1800000,0,0,19.3,18,18,18,18
2021-10-20,18,18,0.00 (0.00 %),3100,55900000,0,0,18,18,19,18,18
2021-10-21,18,18,0.00 (0.00 %),0,0,0,0,18,18,18,18,18
2021-10-22,18.6,18.6,0.60 (3.33 %),900,16680000,0,0,18,18,18.6,18,18.6
2021-10-25,18.4,18.4,-0.10 (-0.54 %),300,5540000,0,0,18.5,18.6,18.6,18.4,18.4
2021-10-26,18.5,18.5,0.00 (0.00 %),10100,186800000,0,0,18.5,18,18.5,18,18.5
2021-10-27,18.5,18.5,0.00 (0.00 %),11900,219590000,0,0,18.5,18.1,18.5,18.1,18.5
2021-10-28,18,18,-0.50 (-2.70 %),500,9000000,0,0,18.5,18,18,18,18
2021-10-29,18,18,0.00 (0.00 %),0,0,0,0,18,18,18,18,18
2021-11-01,18.1,18.1,0.10 (0.56 %),900,16280000,0,0,18,18.2,18.2,18,18.1
2021-11-02,20.6,20.6,2.50 (13.81 %),13100,252650000,0,0,18.1,18.5,20.8,18.5,20.6
2021-11-03,20.6,20.6,1.30 (6.74 %),300,6180000,0,0,19.3,20.6,20.6,20.6,20.6
2021-11-04,20.5,20.5,-0.10 (-0.49 %),1000,20430000,0,0,20.6,20.5,20.5,20.3,20.5
2021-11-05,18.7,18.7,-1.70 (-8.33 %),400,7480000,0,0,20.4,18.7,18.7,18.7,18.7
2021-11-08,18.5,18.5,-0.20 (-1.07 %),8500,157540000,0,0,18.7,20,20,18.5,18.5
2021-11-09,18.5,18.5,0.00 (0.00 %),7100,131350000,0,0,18.5,18.5,18.5,18.5,18.5
2021-11-10,18.6,18.6,0.10 (0.54 %),27000,499740000,0,0,18.5,18.6,18.6,18.5,18.6
2021-11-11,18.5,18.5,0.00 (0.00 %),16700,308970000,0,0,18.5,18.6,18.6,18.4,18.5
2021-11-12,18.4,18.4,-0.10 (-0.54 %),500,9200000,0,0,18.5,18.4,18.4,18.4,18.4
2021-11-15,20,20,1.60 (8.70 %),100,2000000,0,0,18.4,20,20,20,20
2021-11-16,20,20,0.00 (0.00 %),0,0,0,0,20,20,20,20,20
2021-11-17,20,20,0.00 (0.00 %),0,0,0,0,20,20,20,20,20
2021-11-18,20,20,0.00 (0.00 %),2000,39930000,0,0,20,19.3,20,19.3,20
2021-11-19,19,19,-1.00 (-5.00 %),2600,49500000,0,0,20,20,20,19,19
2021-11-22,19,19,0.00 (0.00 %),101,1917000,0,0,19,19,19,19,19
2021-11-23,16.2,16.2,-2.80 (-14.74 %),5000,81190000,0,0,19,18.1,18.1,16.2,16.2
2021-11-24,18.6,18.6,2.40 (14.81 %),1200,22320000,0,0,16.2,18.6,18.6,18.6,18.6
2021-11-25,18.6,18.6,0.00 (0.00 %),400,7440000,0,0,18.6,18.6,18.6,18.6,18.6
2021-11-26,18.6,18.6,0.00 (0.00 %),0,0,0,0,18.6,18.6,18.6,18.6,18.6
2021-11-29,19.3,19.3,0.70 (3.76 %),400,7790000,0,0,18.6,19.6,19.6,19.3,19.3
2021-11-30,17.6,17.6,-1.90 (-9.74 %),7500,144240000,0,0,19.5,19,20.1,17.6,17.6
2021-12-01,19,19,-0.20 (-1.04 %),5000,95000000,0,0,19.2,19,19,19,19
2021-12-02,19,19,0.00 (0.00 %),0,0,0,0,19,19,19,19,19
2021-12-03,18.5,18.5,-0.50 (-2.63 %),3100,57590000,0,0,19,18.9,18.9,18.5,18.5
2021-12-06,17.9,17.9,-0.70 (-3.76 %),1000,17900000,0,0,18.6,17.9,17.9,17.9,17.9
2021-12-07,18,18,0.10 (0.56 %),1700,31170000,0,0,17.9,18.9,18.9,18,18
2021-12-08,18.4,18.4,0.10 (0.55 %),200,3670000,0,0,18.3,18.3,18.4,18.3,18.4
2021-12-09,18.9,18.9,0.50 (2.72 %),1700,32130000,0,0,18.4,18.9,18.9,18.9,18.9
2021-12-10,19,19,0.10 (0.53 %),1300,24630000,0,0,18.9,18.9,19,18.9,19
2021-12-13,19.4,19.4,0.50 (2.65 %),1200,23020000,0,0,18.9,19.4,19.9,18.9,19.4
2021-12-14,19.2,19.2,0.00 (0.00 %),800,15240000,0,0,19.2,19.1,19.3,18.7,19.2
2021-12-15,19.5,19.5,0.40 (2.09 %),1300,24960000,0,0,19.1,19,19.5,19,19.5
2021-12-16,18.8,18.8,-0.40 (-2.08 %),1900,36190000,0,0,19.2,19,19.1,18.7,18.8
2021-12-17,19,19,0.00 (0.00 %),100,1900000,0,0,19,19,19,19,19
2021-12-20,19,19,0.00 (0.00 %),0,0,0,0,19,19,19,19,19
2021-12-21,19,19,0.00 (0.00 %),21000,398900000,0,0,19,19,19,18.8,19
2021-12-22,18.6,18.6,-0.40 (-2.11 %),501,9481800,0,0,19,19,19,18.6,18.6
2021-12-23,18.6,18.6,-0.30 (-1.59 %),5300,100020000,0,0,18.9,18.9,19,18.6,18.6
2021-12-24,18.9,18.9,0.00 (0.00 %),0,0,0,0,18.9,18.9,18.9,18.9,18.9
2021-12-27,18.9,18.9,0.00 (0.00 %),900,17040000,0,0,18.9,19,19,18.9,18.9
2021-12-29,19,19,0.00 (0.00 %),0,0,0,0,19,19,19,19,19
2021-12-30,19.2,19.2,0.20 (1.05 %),200,3840000,0,0,19,19.2,19.2,19.2,19.2
2021-12-31,19.2,19.2,0.00 (0.00 %),2700,51570000,0,0,19.2,19,19.2,19,19.2
2022-01-04,19.1,19.1,0.00 (0.00 %),0,0,0,0,19.1,19.1,19.1,19.1,19.1
2022-01-05,19.1,19.1,0.00 (0.00 %),0,0,10,"163,000",19.1,19.1,19.1,19.1,19.1
2022-01-06,21.9,21.9,2.80 (14.66 %),20500,440560000,0,0,19.1,19.5,21.9,19.5,21.9
2022-01-07,24.7,24.7,3.20 (14.88 %),7300,180010000,0,0,21.5,24.7,24.7,21.7,24.7
2022-01-10,24.7,24.7,0.00 (0.00 %),0,0,0,0,24.7,24.7,24.7,24.7,24.7
2022-01-11,24,24,-0.70 (-2.83 %),800,17100000,0,0,24.7,21,24,21,24
2022-01-12,21.4,21.4,0.00 (0.00 %),600,11810000,0,0,21.4,19,23,18.2,21.4
2022-01-13,19.5,19.5,-0.20 (-1.02 %),2300,44360000,0,0,19.7,16.8,20,16.8,19.5
2022-01-14,22.1,22.1,2.80 (14.51 %),1600,26980000,0,0,19.3,16.7,22.1,16.5,22.1
2022-01-17,16.9,16.9,0.00 (0.00 %),0,0,0,0,16.9,16.9,16.9,16.9,16.9
2022-01-18,16.9,16.9,0.00 (0.00 %),0,0,0,0,16.9,16.9,16.9,16.9,16.9
2022-01-19,16.9,16.9,0.00 (0.00 %),0,0,0,0,16.9,16.9,16.9,16.9,16.9
2022-01-20,19.3,19.3,2.40 (14.20 %),300,5790000,0,0,16.9,19.3,19.3,19.3,19.3
2022-01-21,22,22,2.70 (13.99 %),800,17150000,0,0,19.3,20,22,20,22
2022-01-24,19,19,-2.40 (-11.21 %),6500,123530000,0,0,21.4,19.2,19.2,19,19
2022-01-25,21,21,2.00 (10.53 %),300,6100000,0,0,19,19,21,19,21
2022-01-26,20.3,20.3,0.00 (0.00 %),0,0,0,0,20.3,20.3,20.3,20.3,20.3
2022-01-27,18.2,18.2,-2.10 (-10.34 %),11000,198120000,0,0,20.3,18,18.2,18,18.2
2022-01-28,20.7,20.7,2.70 (15.00 %),100,2070000,0,0,18,20.7,20.7,20.7,20.7
2022-02-07,18.5,18.5,-2.20 (-10.63 %),1300,24600000,0,0,20.7,20.7,20.7,18.2,18.5
2022-02-08,21.5,21.5,2.60 (13.76 %),116,2439600,0,0,18.9,21.5,21.5,21.5,21.5
2022-02-09,20,20,-1.50 (-6.98 %),4710,99230000,0,0,21.5,21.5,21.7,20,20
2022-02-10,20.9,20.9,-0.20 (-0.95 %),100,2090000,0,0,21.1,20.9,20.9,20.9,20.9
2022-02-11,20.9,20.9,0.00 (0.00 %),0,0,0,0,20.9,20.9,20.9,20.9,20.9
2022-02-14,20,20,-0.90 (-4.31 %),6600,131950000,0,0,20.9,18.3,21,18.3,20
2022-02-15,18.7,18.7,-1.30 (-6.50 %),1000,18340000,0,0,20,18.3,18.7,18.3,18.7
2022-02-16,18.3,18.3,0.00 (0.00 %),4700,88270000,0,0,18.3,19,19,18.3,18.3
2022-02-17,19,19,0.20 (1.06 %),1700,32300000,0,0,18.8,19,19,19,19
2022-02-18,19,19,0.00 (0.00 %),6400,121600000,0,0,19,19,19,19,19
2022-02-21,19.1,19.1,0.10 (0.53 %),100,1910000,0,0,19,19.1,19.1,19.1,19.1
2022-02-22,21,21,1.90 (9.95 %),3001,60939900,0,0,19.1,19,21,19,21
2022-02-23,20.3,20.3,0.00 (0.00 %),0,0,0,0,20.3,20.3,20.3,20.3,20.3
2022-02-24,20.5,20.5,0.20 (0.99 %),6215,124800000,0,0,20.3,20,20.5,19.5,20.5
2022-02-25,19,19,-1.10 (-5.47 %),300,5700000,0,0,20.1,19,19,19,19
2022-02-28,19,19,0.00 (0.00 %),0,0,0,0,19,19,19,19,19
2022-03-01,21.8,21.8,2.80 (14.74 %),19900,427700000,0,0,19,20,21.8,20,21.8
2022-03-02,22,22,0.50 (2.33 %),1400,30810000,0,0,21.5,21.5,24.6,21.5,22
2022-03-03,19.5,19.5,-2.50 (-11.36 %),1000,19560000,0,0,22,20.1,20.1,19.5,19.5
2022-03-04,19.6,19.6,0.00 (0.00 %),0,0,0,0,19.6,19.6,19.6,19.6,19.6
2022-03-07,22.5,22.5,2.90 (14.80 %),13800,308600000,0,0,19.6,20.5,22.5,20.5,22.5
2022-03-08,20.5,20.5,-1.90 (-8.48 %),10000,205000000,0,0,22.4,20.5,20.5,20.5,20.5
2022-03-09,23,23,2.50 (12.20 %),9700,217920000,0,0,20.5,20.5,23,20.5,23
2022-03-10,24.8,24.8,2.30 (10.22 %),10600,255320000,0,0,22.5,22.6,24.8,22.6,24.8
2022-03-11,24,24,-0.10 (-0.41 %),3030,73132000,0,0,24.1,24.8,24.8,24,24
2022-03-14,24.1,24.1,0.00 (0.00 %),0,0,0,0,24.1,24.1,24.1,24.1,24.1
2022-03-15,24.1,24.1,0.00 (0.00 %),0,0,0,0,24.1,24.1,24.1,24.1,24.1
2022-03-16,25,25,0.90 (3.73 %),11000,275000000,0,0,24.1,25,25,25,25
2022-03-17,25,25,0.00 (0.00 %),29800,730800000,0,0,25,24,25,23,25
2022-03-18,24.5,24.5,0.00 (0.00 %),0,0,0,0,24.5,24.5,24.5,24.5,24.5
2022-03-21,25,25,0.50 (2.04 %),10800,270000000,0,0,24.5,25,25,25,25
2022-03-22,26,26,1.00 (4.00 %),700,18200000,0,0,25,26,26,26,26
2022-03-23,26,26,0.00 (0.00 %),0,0,0,0,26,26,26,26,26
2022-03-24,26,26,0.00 (0.00 %),0,0,0,0,26,26,26,26,26
2022-03-25,26,26,0.00 (0.00 %),0,0,0,0,26,26,26,26,26
2022-03-28,29,29,3.00 (11.54 %),600,16300000,0,0,26,24,29,24,29
2022-03-29,27.2,27.2,0.00 (0.00 %),0,0,0,0,27.2,27.2,27.2,27.2,27.2
2022-03-30,29,29,1.80 (6.62 %),900,26100000,0,0,27.2,29,29,29,29
2022-03-31,29,29,0.00 (0.00 %),100,2900000,0,0,29,29,29,29,29
2022-04-01,30,30,1.00 (3.45 %),1811,53130000,0,0,29,29,30,29,30
2022-04-04,30,30,0.70 (2.39 %),100,3000000,0,0,29.3,30,30,30,30
2022-04-05,34.5,34.5,4.50 (15.00 %),2100,67450000,0,0,30,31,34.5,31,34.5
2022-04-06,32.1,32.1,0.00 (0.00 %),1000,30000000,0,0,32.1,30,32.1,32.1,32.1
2022-04-07,32,32,2.00 (6.67 %),2500,75200000,0,0,30,30,32,30,32
2022-04-08,31,31,0.90 (2.99 %),100,3100000,0,0,30.1,31,31,31,31
2022-04-12,31,31,0.00 (0.00 %),0,0,0,0,31,31,31,31,31
2022-04-13,31,31,0.00 (0.00 %),0,0,0,0,31,31,31,31,31
2022-04-14,30,30,-1.00 (-3.23 %),200,6550000,0,0,31,35.5,35.5,30,30
2022-04-19,31,31,-1.80 (-5.49 %),2000,62000000,0,0,32.8,31,31,31,31
2022-04-20,31,31,0.00 (0.00 %),0,0,0,0,31,31,31,31,31
2022-04-21,30,30,-1.00 (-3.23 %),900,27000000,0,0,31,30,30,30,30
2022-04-22,30,30,0.00 (0.00 %),0,0,0,0,30,30,30,30,30
2022-04-25,30,30,0.00 (0.00 %),800,24000000,0,0,30,30,30,30,30
2022-04-26,30,30,0.00 (0.00 %),0,0,0,0,30,30,30,30,30
2022-04-27,32,32,2.00 (6.67 %),1600,52100000,0,0,30,31,33,31,32
